id,retailer,cigar_id,date,price,in_stock,url,created_at
1,absolutecigars,HOYODEMONTERREY|HOYODEMONTERREY|EXCALIBUR|EPICURE|EPICURE|5.25x50|CT|BOX20,2025-11-24,203.0,1,https://absolutecigars.com/product/hoyo-de-monterrey-excalibur-epicure-natural/,2025-11-24 17:07:25
2,absolutecigars,ROMEOYJULIETA|ROMEOYJULIETA|1875|CHURCHILL|CHURCHILL|7x50|IND|BOX25,2025-11-24,234.0,1,https://absolutecigars.com/product/romeo-y-julieta-churchill/,2025-11-24 17:07:25
3,absolutecigars,ARTUROFUENTE|ARTUROFUENTE|HEMINGWAY|BESTSELLER|BESTSELLER|4.5x55|CAM|BOX25,2025-11-24,234.0,0,https://absolutecigars.com/product/bestseller-cigars/,2025-11-24 17:07:25
4,absolutecigars,ASHTON|ASHTON|VSG|ROBUSTO|ROBUSTO|5.5x50|ECU|BOX24,2025-11-24,356.0,1,https://absolutecigars.com/product/ashton-vsg-robusto/,2025-11-24 17:07:25
5,absolutecigars,ARTUROFUENTE|ARTUROFUENTE|HEMINGWAY|SIGNATURE|SIGNATURE|6x46|CAM|BOX25,2025-11-24,290.0,1,https://absolutecigars.com/product/hemingway-signature/,2025-11-24 17:07:25
6,absolutecigars,PERDOMO|PERDOMO|RESERVE10THANNIVERSARYCHAMPAGNE|EPICURE|EPICURE|6x54|ECU|BOX25,2025-11-24,245.0,1,https://absolutecigars.com/product/perdomo-reserve-champagne-epicure/,2025-11-24 17:07:25
7,absolutecigars,MYFATHER|MYFATHER|THEJUDGE|GRANDROBUSTO|GRANDROBUSTO|5.625x60|ECU|BOX23,2025-11-24,259.0,0,https://absolutecigars.com/product/my-father-the-judge-grand-robusto/,2025-11-24 17:07:25
8,absolutecigars,MYFATHER|MYFATHER|LEBIJOU1922|TORO|TORO|6.5x52|NIC|BOX23,2025-11-24,279.0,1,https://absolutecigars.com/product/my-father-le-bijou-1922-toro/,2025-11-24 17:07:25
9,absolutecigars,ARTUROFUENTE|ARTUROFUENTE|HEMINGWAY|CLASSIC|CLASSIC|7x48|CAM|BOX25,2025-11-24,290.0,1,https://absolutecigars.com/product/hemingway-classic/,2025-11-24 17:07:25
10,atlantic,ARTUROFUENTE|ARTUROFUENTE|HEMINGWAY|CLASSIC|CLASSIC|7x48|CAM|BOX25,2025-11-24,272.95,1,https://atlanticcigar.com/arturo-fuente-hemingway-classic-natural/,2025-11-24 17:07:25
11,atlantic,HOYODEMONTERREY|HOYODEMONTERREY|EXCALIBUR|EPICURE|EPICURE|5.25x50|CT|BOX20,2025-11-24,136.85,1,https://atlanticcigar.com/hoyo-de-monterrey-excalibur-epicures-natural/,2025-11-24 17:07:25
12,atlantic,PADRON|PADRON|1964ANNIVERSARY|DIPLOMATICO|DIPLOMATICO|7x50|MAD|BOX25,2025-11-24,455.0,1,https://atlanticcigar.com/padron-1964-anniversary-diplomatico-maduro/,2025-11-24 17:07:25
13,atlantic,ROMEOYJULIETA|ROMEOYJULIETA|1875|CHURCHILL|CHURCHILL|7x50|IND|BOX25,2025-11-24,174.04,1,https://atlanticcigar.com/romeo-y-julieta-1875-churchill/,2025-11-24 17:07:25
14,atlantic,MYFATHER|MYFATHER|THEJUDGE|GRANDROBUSTO|GRANDROBUSTO|5.625x60|ECU|BOX23,2025-11-24,260.02,1,https://atlanticcigar.com/my-father-the-judge-grand-robusto-box-pressed/,2025-11-24 17:07:25
15,atlantic,ARTUROFUENTE|ARTUROFUENTE|HEMINGWAY|BESTSELLER|BESTSELLER|4.5x55|CAM|BOX25,2025-11-24,198.27,1,https://atlanticcigar.com/arturo-fuente-hemingway-best-seller/,2025-11-24 17:07:25
16,atlantic,ARTUROFUENTE|ARTUROFUENTE|HEMINGWAY|SIGNATURE|SIGNATURE|6x46|CAM|BOX25,2025-11-24,251.21,1,https://atlanticcigar.com/arturo-fuente-hemingway-signature/,2025-11-24 17:07:25
17,atlantic,PERDOMO|PERDOMO|RESERVE10THANNIVERSARYCHAMPAGNE|EPICURE|EPICURE|6x54|ECU|BOX25,2025-11-24,249.7,1,https://atlanticcigar.com/perdomo-10th-anniversary-champagne-epicure/,2025-11-24 17:07:25
18,atlantic,PADRON|PADRON|1964ANNIVERSARY|DIPLOMATICO|DIPLOMATICO|7x50|NAT|BOX25,2025-11-24,455.0,1,https://atlanticcigar.com/padron-1964-anniversary-diplomatico-natural/,2025-11-24 17:07:25
19,atlantic,MYFATHER|MYFATHER|LEBIJOU1922|TORO|TORO|6.5x52|NIC|BOX23,2025-11-24,240.55,1,https://atlanticcigar.com/my-father-le-bijou-1922-toro/,2025-11-24 17:07:25
20,atlantic,FOUNDATION|OLMEC|OLMEC|TORO|TORO|6x52|MAD|BOX12,2025-11-24,174.31,1,https://atlanticcigar.com/olmec-maduro-by-foundation-toro-6x52/,2025-11-24 17:07:25
21,bnbtobacco,ROMEOYJULIETA|ROMEOYJULIETA|1875|CHURCHILL|CHURCHILL|7x50|IND|BOX25,2025-11-24,209.99,1,https://www.bnbtobacco.com/products/romeo-y-julieta-1875?variant=33403331075,2025-11-24 17:07:25
22,bnbtobacco,ARTUROFUENTE|ARTUROFUENTE|HEMINGWAY|CLASSIC|CLASSIC|7x48|CAM|BOX25,2025-11-24,279.99,1,https://www.bnbtobacco.com/products/arturo-fuente-hemingway?variant=29429333955,2025-11-24 17:07:25
23,bnbtobacco,ARTUROFUENTE|ARTUROFUENTE|HEMINGWAY|SIGNATURE|SIGNATURE|6x46|CAM|BOX25,2025-11-24,244.99,1,https://www.bnbtobacco.com/products/arturo-fuente-hemingway?variant=29429334723,2025-11-24 17:07:25
24,bnbtobacco,PERDOMO|PERDOMO|RESERVE10THANNIVERSARYCHAMPAGNE|EPICURE|EPICURE|6x54|ECU|BOX25,2025-11-24,179.99,1,https://www.bnbtobacco.com/products/perdomo-reserve-10th-anniversary-champagne?variant=33403289347,2025-11-24 17:07:25
25,bnbtobacco,MYFATHER|MYFATHER|LEBIJOU1922|TORO|TORO|6.5x52|NIC|BOX23,2025-11-24,229.99,0,https://www.bnbtobacco.com/products/my-father-le-bijou-1922?variant=33403225219,2025-11-24 17:07:25
26,cigarsdirect,DREWESTATE|DREWESTATE|HERRERAESTELINORTENO|LONSDALEDELUXE|LONSDALEDELUXE|6.25x44|MEX|BOX25,2025-11-24,246.0,0,https://www.cigarsdirect.com/collections/herrera-esteli-by-drew-estate-norteno/products/herrera-esteli-by-drew-estate-norteno-lonsdale?variant=31084935413857,2025-11-24 17:07:25
27,cigarsdirect,ARTUROFUENTE|ARTUROFUENTE|OPUSX|ROBUSTO|ROBUSTO|5.25x50|DOM|BOX29,2025-11-24,1649.99,0,https://www.cigarsdirect.com/collections/arturo-fuente-opus-x/products/arturo-fuente-opus-x-robusto?variant=19712418119777,2025-11-24 17:07:25
28,cigarsdirect,ROMEOYJULIETA|ROMEOYJULIETA|1875|CHURCHILL|CHURCHILL|7x50|IND|BOX25,2025-11-24,288.0,0,https://www.cigarsdirect.com/products/romeo-y-julieta-1875-churchill?variant=19713384317025,2025-11-24 17:07:25
29,cigarsdirect,MYFATHER|MYFATHER|THEJUDGE|GRANDROBUSTO|GRANDROBUSTO|5.625x60|ECU|BOX23,2025-11-24,274.0,1,https://www.cigarsdirect.com/collections/my-father-cigars-the-judge/products/my-father-cigars-the-judge-560-box-pressed?variant=31116864487521,2025-11-24 17:07:25
30,cigarsdirect,PERDOMO|PERDOMO|RESERVE10THANNIVERSARYCHAMPAGNE|EPICURE|EPICURE|6x54|ECU|BOX25,2025-11-24,264.0,1,https://www.cigarsdirect.com/products/perdomo-reserve-10th-anniversary-champagne-epicure?variant=19713344077921,2025-11-24 17:07:25
31,cigarsdirect,MYFATHER|MYFATHER|LEBIJOU1922|TORO|TORO|6.5x52|NIC|BOX23,2025-11-24,254.0,1,https://www.cigarsdirect.com/products/my-father-cigars-le-bijou-1922-toro?variant=19713281228897,2025-11-24 17:07:25
32,cigarsdirect,PADRON|PADRON|1964ANNIVERSARY|DIPLOMATICO|DIPLOMATICO|7x50|NAT|BOX25,2025-11-24,455.0,0,https://www.cigarsdirect.com/products/padron-1964-anniversary-diplomatico-natural?variant=19713316159585,2025-11-24 17:07:25
33,cigarsdirect,FOUNDATION|OLMEC|OLMEC|TORO|TORO|6x52|MAD|BOX12,2025-11-24,169.0,1,https://www.cigarsdirect.com/products/foundation-cigar-co-olmec-maduro-toro?variant=42173809098929,2025-11-24 17:07:25
34,cigarsdirect,PADRON|PADRON|1964ANNIVERSARY|DIPLOMATICO|DIPLOMATICO|7x50|MAD|BOX25,2025-11-24,455.0,0,https://www.cigarsdirect.com/products/padron-1964-anniversary-diplomatico-maduro?variant=19713315995745,2025-11-24 17:07:25
35,cigarsdirect,ARTUROFUENTE|ARTUROFUENTE|HEMINGWAY|BESTSELLER|BESTSELLER|4.5x55|CAM|BOX25,2025-11-24,227.0,0,https://www.cigarsdirect.com/products/arturo-fuente-hemingway-best-seller,2025-11-24 17:07:25
36,cigarsdirect,ARTUROFUENTE|ARTUROFUENTE|HEMINGWAY|BESTSELLER|BESTSELLER|4.5x55|MAD|BOX25,2025-11-24,285.0,0,https://www.cigarsdirect.com/collections/arturo-fuente-hemingway/products/arturo-fuente-hemingway-best-seller-maduro,2025-11-24 17:07:25
37,cigarsdirect,ARTUROFUENTE|ARTUROFUENTE|HEMINGWAY|SIGNATURE|SIGNATURE|6x46|CAM|BOX25,2025-11-24,288.0,0,https://www.cigarsdirect.com/products/arturo-fuente-hemingway-signature?variant=31070088986721,2025-11-24 17:07:25
38,cigarsdirect,ASHTON|ASHTON|VSG|ROBUSTO|ROBUSTO|5.5x50|ECU|BOX24,2025-11-24,345.0,1,https://www.cigarsdirect.com/products/ashton-vsg-robusto?variant=38194489262257,2025-11-24 17:07:25
39,foxcigar,ARTUROFUENTE|ARTUROFUENTE|HEMINGWAY|CLASSIC|CLASSIC|7x48|CAM|BOX25,2025-11-24,257.99,1,https://foxcigar.com/shop/cigars/arturo-fuente/arturo-fuente-hemingway-classic/,2025-11-24 17:07:25
40,foxcigar,PADRON|PADRON|1964ANNIVERSARY|DIPLOMATICO|DIPLOMATICO|7x50|MAD|BOX25,2025-11-24,442.5,0,https://foxcigar.com/shop/cigars/padron/padron-1964-anniversary-series-diplimatico-maduro/,2025-11-24 17:07:25
41,foxcigar,MYFATHER|MYFATHER|THEJUDGE|GRANDROBUSTO|GRANDROBUSTO|5.625x60|ECU|BOX23,2025-11-24,274.99,1,https://foxcigar.com/shop/cigars/my-father/my-father-the-judge-grand-robusto/,2025-11-24 17:07:25
42,foxcigar,COHIBA||REDDOT|ROBUSTO|ROBUSTO|5x49|CAM|BOX25,2025-11-24,535.99,1,https://foxcigar.com/shop/cigars/cohiba/red-dot/cohiba-robusto/,2025-11-24 17:07:25
43,foxcigar,ASHTON|ASHTON|VSG|ROBUSTO|ROBUSTO|5.5x50|ECU|BOX24,2025-11-24,337.99,1,https://foxcigar.com/shop/cigars/ashton/ashton-vsg-robusto/,2025-11-24 17:07:25
44,foxcigar,ARTUROFUENTE|ARTUROFUENTE|HEMINGWAY|BESTSELLER|BESTSELLER|4.5x55|CAM|BOX25,2025-11-24,193.99,0,https://foxcigar.com/shop/cigars/arturo-fuente/arturo-fuente-best-seller/,2025-11-24 17:07:25
45,foxcigar,ARTUROFUENTE|ARTUROFUENTE|HEMINGWAY|SIGNATURE|SIGNATURE|6x46|CAM|BOX25,2025-11-24,235.99,1,https://foxcigar.com/shop/cigars/arturo-fuente/arturo-fuente-hemingway-signature/,2025-11-24 17:07:25
46,foxcigar,PERDOMO|PERDOMO|RESERVE10THANNIVERSARYCHAMPAGNE|EPICURE|EPICURE|6x54|ECU|BOX25,2025-11-24,233.99,1,https://foxcigar.com/shop/cigars/perdomo/perdomo-10th-champagne-epicure/,2025-11-24 17:07:25
47,foxcigar,PADRON|PADRON|1964ANNIVERSARY|DIPLOMATICO|DIPLOMATICO|7x50|NAT|BOX25,2025-11-24,442.5,1,https://foxcigar.com/shop/cigars/padron/padron-1964-anniversary-series-diplomatico-natural/,2025-11-24 17:07:25
48,foxcigar,MYFATHER|MYFATHER|LEBIJOU1922|TORO|TORO|6.5x52|NIC|BOX23,2025-11-24,254.99,1,https://foxcigar.com/shop/cigars/my-father/my-father-le-bijou-1922-toro/,2025-11-24 17:07:25
49,gothamcigars,ROMEOYJULIETA|ROMEOYJULIETA|1875|CHURCHILL|CHURCHILL|7x50|IND|BOX25,2025-11-24,184.99,1,https://www.gothamcigars.com/romeo-y-julieta-1875-churchill/,2025-11-24 17:07:25
50,gothamcigars,MYFATHER|MYFATHER|THEJUDGE|GRANDROBUSTO|GRANDROBUSTO|5.625x60|ECU|BOX23,2025-11-24,264.99,1,https://www.gothamcigars.com/my-father-mf-the-judge-grande-robusto/,2025-11-24 17:07:25
51,gothamcigars,COHIBA||REDDOT|ROBUSTO|ROBUSTO|5x49|CAM|BOX25,2025-11-24,409.99,1,https://www.gothamcigars.com/cohiba-red-dot-robusto/,2025-11-24 17:07:25
52,hilands,PADRON|PADRON|1964ANNIVERSARY|DIPLOMATICO|DIPLOMATICO|7x50|MAD|BOX25,2025-11-24,439.98,1,https://www.hilandscigars.com/shop/cigars/padron/padron-1964-anniversary-series/padron-1964-anniversary-diplomatico-maduro/,2025-11-24 17:07:25
53,hilands,ROMEOYJULIETA|ROMEOYJULIETA|1875|CHURCHILL|CHURCHILL|7x50|IND|BOX25,2025-11-24,201.0,1,https://www.hilandscigars.com/shop/cigars/romeo-y-julieta/romeo-y-julieta-1875/romeo-y-julieta-1875-churchill/,2025-11-24 17:07:25
54,hilands,MYFATHER|MYFATHER|THEJUDGE|GRANDROBUSTO|GRANDROBUSTO|5.625x60|ECU|BOX23,2025-11-24,209.98,1,https://www.hilandscigars.com/shop/cigars/my-father/my-father-the-judge/father-judge-grand-robusto/,2025-11-24 17:07:25
55,hilands,ARTUROFUENTE|ARTUROFUENTE|HEMINGWAY|BESTSELLER|BESTSELLER|4.5x55|CAM|BOX25,2025-11-24,186.4,1,https://www.hilandscigars.com/shop/cigars/arturo-fuente/a-fuente-hemingway/arturo-fuente-hemingway-series-best-seller-natural/,2025-11-24 17:07:25
56,hilands,ARTUROFUENTE|ARTUROFUENTE|HEMINGWAY|SIGNATURE|SIGNATURE|6x46|CAM|BOX25,2025-11-24,219.4,1,https://www.hilandscigars.com/shop/cigars/arturo-fuente/a-fuente-hemingway/arturo-fuente-hemingway-series-signature/,2025-11-24 17:07:25
57,hilands,ARTUROFUENTE|ARTUROFUENTE|HEMINGWAY|CLASSIC|CLASSIC|7x48|CAM|BOX25,2025-11-24,293.98,1,https://www.hilandscigars.com/shop/cigars/arturo-fuente/a-fuente-hemingway/arturo-fuente-hemingway-series-classic/,2025-11-24 17:07:25
58,hilands,ASHTON|ASHTON|VSG|ROBUSTO|ROBUSTO|5.5x50|ECU|BOX24,2025-11-24,421.98,1,https://www.hilandscigars.com/shop/cigars/ashton/ashton-vsg-virgin-sun-grown/ashton-vsg-robusto-5-5x50-box-of-24-free-shipping/,2025-11-24 17:07:25
59,hilands,PERDOMO|PERDOMO|RESERVE10THANNIVERSARYCHAMPAGNE|EPICURE|EPICURE|6x54|ECU|BOX25,2025-11-24,184.98,1,https://www.hilandscigars.com/shop/cigars/perdomo/perdomo-10th-anniversary-champagne/perdomo-reserve-10th-anniversary-champagne-epicure/,2025-11-24 17:07:25
60,hilands,PADRON|PADRON|1964ANNIVERSARY|DIPLOMATICO|DIPLOMATICO|7x50|NAT|BOX25,2025-11-24,439.98,1,https://www.hilandscigars.com/shop/cigars/padron/padron-1964-anniversary-series/padron-1964-anniversary-diplomatico-natural/,2025-11-24 17:07:25
61,hilands,MYFATHER|MYFATHER|LEBIJOU1922|TORO|TORO|6.5x52|NIC|BOX23,2025-11-24,210.98,0,https://www.hilandscigars.com/shop/cigars/my-father/my-father-le-bijou-1922/my-father-le-bijou-1922-grand-robusto-2/,2025-11-24 17:07:25
62,hilands,ARTUROFUENTE|ARTUROFUENTE|HEMINGWAY|BESTSELLER|BESTSELLER|4.5x55|MAD|BOX25,2025-11-24,270.98,1,https://www.hilandscigars.com/shop/cigars/arturo-fuente/a-fuente-hemingway/arturo-fuente-hemingway-series-maduro-best-seller/,2025-11-24 17:07:25
63,hilands,FOUNDATION|OLMEC|OLMEC|TORO|TORO|6x52|MAD|BOX12,2025-11-24,188.0,0,https://www.hilandscigars.com/shop/cigars/foundation-cigars/olmec-maduro-toro-6x52-box-of-12/,2025-11-24 17:07:25
64,holts,ARTUROFUENTE|ARTUROFUENTE|HEMINGWAY|CLASSIC|CLASSIC|7x48|CAM|BOX25,2025-11-24,282.95,1,https://www.holts.com/cigars/all-cigar-brands/arturo-fuente-hemingway.html,2025-11-24 17:07:25
65,holts,ARTUROFUENTE|ARTUROFUENTE|HEMINGWAY|BESTSELLER|BESTSELLER|4.5x55|CAM|BOX25,2025-11-24,204.95,1,https://www.holts.com/cigars/all-cigar-brands/arturo-fuente-hemingway.html,2025-11-24 17:07:25
66,holts,ARTUROFUENTE|ARTUROFUENTE|HEMINGWAY|SIGNATURE|SIGNATURE|6x46|CAM|BOX25,2025-11-24,258.95,1,https://www.holts.com/cigars/all-cigar-brands/arturo-fuente-hemingway.html,2025-11-24 17:07:25
67,holts,ARTUROFUENTE|ARTUROFUENTE|HEMINGWAY|BESTSELLER|BESTSELLER|4.5x55|MAD|BOX25,2025-11-24,243.75,0,https://www.holts.com/cigars/all-cigar-brands/arturo-fuente-hemingway-maduro.html,2025-11-24 17:07:25
68,holts,PERDOMO|PERDOMO|RESERVE10THANNIVERSARYCHAMPAGNE|EPICURE|EPICURE|6x54|ECU|BOX25,2025-11-24,248.95,1,https://www.holts.com/cigars/all-cigar-brands/perdomo-10th-anniversary-champagne.html,2025-11-24 17:07:25
69,holts,HOYODEMONTERREY|HOYODEMONTERREY|EXCALIBUR|EPICURE|EPICURE|5.25x50|CT|BOX20,2025-11-24,160.04,1,https://www.holts.com/cigars/all-cigar-brands/excalibur.html,2025-11-24 17:07:25
70,holts,PADRON|PADRON|1964ANNIVERSARY|DIPLOMATICO|DIPLOMATICO|7x50|MAD|BOX25,2025-11-24,455.0,1,https://www.holts.com/cigars/all-cigar-brands/padron-1964-anniversary.html,2025-11-24 17:07:25
71,holts,ROMEOYJULIETA|ROMEOYJULIETA|1875|CHURCHILL|CHURCHILL|7x50|IND|BOX25,2025-11-24,201.0,1,https://www.holts.com/cigars/all-cigar-brands/romeo-y-julieta-1875.html,2025-11-24 17:07:25
72,holts,ASHTON|ASHTON|VSG|ROBUSTO|ROBUSTO|5.5x50|ECU|BOX24,2025-11-24,344.95,1,https://www.holts.com/cigars/all-cigar-brands/ashton-vsg.html,2025-11-24 17:07:25
73,neptune,ARTUROFUENTE|ARTUROFUENTE|HEMINGWAY|CLASSIC|CLASSIC|7x48|CAM|BOX25,2025-11-24,273.94,1,https://www.neptunecigar.com/cigars/arturo-fuente-hemingway-classic,2025-11-24 17:07:25
74,neptune,HOYODEMONTERREY|HOYODEMONTERREY|EXCALIBUR|EPICURE|EPICURE|5.25x50|CT|BOX20,2025-11-24,166.95,1,https://www.neptunecigar.com/cigars/excalibur-epicure,2025-11-24 17:07:25
75,neptune,DREWESTATE|DREWESTATE|HERRERAESTELINORTENO|LONSDALEDELUXE|LONSDALEDELUXE|6.25x44|MEX|BOX25,2025-11-24,224.95,1,https://www.neptunecigar.com/cigars/norteno-lonsdale,2025-11-24 17:07:25
76,neptune,PADRON|PADRON|1964ANNIVERSARY|DIPLOMATICO|DIPLOMATICO|7x50|MAD|BOX25,2025-11-24,435.0,1,https://www.neptunecigar.com/cigars/padron-1964-anniversary-diplomatico-maduro,2025-11-24 17:07:25
77,neptune,ROMEOYJULIETA|ROMEOYJULIETA|1875|CHURCHILL|CHURCHILL|7x50|IND|BOX25,2025-11-24,183.95,1,https://www.neptunecigar.com/cigars/romeo-y-julieta-1875-churchill,2025-11-24 17:07:25
78,neptune,MYFATHER|MYFATHER|THEJUDGE|GRANDROBUSTO|GRANDROBUSTO|5.625x60|ECU|BOX23,2025-11-24,274.95,1,https://www.neptunecigar.com/cigars/my-father-the-judge-grand-robusto,2025-11-24 17:07:25
79,neptune,PERDOMO|PERDOMO|RESERVE10THANNIVERSARYCHAMPAGNE|EPICURE|EPICURE|6x54|ECU|BOX25,2025-11-24,249.7,1,https://www.neptunecigar.com/cigars/perdomo-reserve-champagne-epicure,2025-11-24 17:07:25
80,neptune,PADRON|PADRON|1964ANNIVERSARY|DIPLOMATICO|DIPLOMATICO|7x50|NAT|BOX25,2025-11-24,435.0,1,https://www.neptunecigar.com/cigars/padron-1964-anniversary-diplomatico,2025-11-24 17:07:25
81,neptune,MYFATHER|MYFATHER|LEBIJOU1922|TORO|TORO|6.5x52|NIC|BOX23,2025-11-24,253.95,1,https://www.neptunecigar.com/cigars/my-father-le-bijou-1922-toro,2025-11-24 17:07:25
82,neptune,ARTUROFUENTE|ARTUROFUENTE|HEMINGWAY|BESTSELLER|BESTSELLER|4.5x55|MAD|BOX25,2025-11-24,270.52,0,https://www.neptunecigar.com/cigars/arturo-fuente-hemingway-best-seller-maduro,2025-11-24 17:07:25
83,neptune,ASHTON|ASHTON|VSG|ROBUSTO|ROBUSTO|5.5x50|ECU|BOX24,2025-11-24,337.95,1,https://www.neptunecigar.com/cigars/ashton-vsg-robusto,2025-11-24 17:07:25
84,neptune,FOUNDATION|OLMEC|OLMEC|TORO|TORO|6x52|MAD|BOX12,2025-11-24,174.95,1,https://www.neptunecigar.com/cigars/foundation-olmec-maduro-toro,2025-11-24 17:07:25
85,planetcigars,HOYODEMONTERREY|HOYODEMONTERREY|EXCALIBUR|EPICURE|EPICURE|5.25x50|CT|BOX20,2025-11-24,132.97,1,https://www.planetcigars.com/excalibur/excalibur-epicures-natural,2025-11-24 17:07:25
86,planetcigars,ARTUROFUENTE|ARTUROFUENTE|HEMINGWAY|CLASSIC|CLASSIC|7x48|CAM|BOX25,2025-11-24,256.97,1,https://www.planetcigars.com/cigar-brands/arturo-fuente-hemingway-cigars/arturo-fuente-hemingway-classic-cigars,2025-11-24 17:07:25
87,planetcigars,ARTUROFUENTE|ARTUROFUENTE|HEMINGWAY|BESTSELLER|BESTSELLER|4.5x55|CAM|BOX25,2025-11-24,192.97,1,https://www.planetcigars.com/arturo-fuente-hemingway-best-seller-cigars,2025-11-24 17:07:25
88,planetcigars,ARTUROFUENTE|ARTUROFUENTE|HEMINGWAY|SIGNATURE|SIGNATURE|6x46|CAM|BOX25,2025-11-24,235.97,1,https://www.planetcigars.com/arturo-fuente-hemingway-signature-cigars,2025-11-24 17:07:25
89,smallbatchcigar,DREWESTATE|DREWESTATE|HERRERAESTELINORTENO|LONSDALEDELUXE|LONSDALEDELUXE|6.25x44|MEX|BOX25,2025-11-24,284.0,1,https://www.smallbatchcigar.com/herrera-esteli-norteno-lonsdale-2,2025-11-24 17:07:25
90,smallbatchcigar,PERDOMO|PERDOMO|RESERVE10THANNIVERSARYCHAMPAGNE|EPICURE|EPICURE|6x54|ECU|BOX25,2025-11-24,269.0,0,https://www.smallbatchcigar.com/perdomo-reserve-10th-anniversary-champagne-epicure,2025-11-24 17:07:25
91,smallbatchcigar,ARTUROFUENTE|ARTUROFUENTE|HEMINGWAY|CLASSIC|CLASSIC|7x48|CAM|BOX25,2025-11-24,297.0,1,https://www.smallbatchcigar.com/hemingway-classic,2025-11-24 17:07:25
92,smallbatchcigar,ROMEOYJULIETA|ROMEOYJULIETA|1875|CHURCHILL|CHURCHILL|7x50|IND|BOX25,2025-11-24,321.0,0,https://www.smallbatchcigar.com/romeo-y-julieta-1875-churchill,2025-11-24 17:07:25
93,smallbatchcigar,ARTUROFUENTE|ARTUROFUENTE|HEMINGWAY|BESTSELLER|BESTSELLER|4.5x55|CAM|BOX25,2025-11-24,243.0,1,https://www.smallbatchcigar.com/hemingway-best-seller,2025-11-24 17:07:25
94,smallbatchcigar,ARTUROFUENTE|ARTUROFUENTE|HEMINGWAY|SIGNATURE|SIGNATURE|6x46|CAM|BOX25,2025-11-24,310.0,1,https://www.smallbatchcigar.com/arturo-fuente-hemingway-signature,2025-11-24 17:07:25
95,smallbatchcigar,PADRON|PADRON|1964ANNIVERSARY|DIPLOMATICO|DIPLOMATICO|7x50|MAD|BOX25,2025-11-24,491.0,1,https://www.smallbatchcigar.com/padron-1964-diplomatico-maduro,2025-11-24 17:07:25
96,smallbatchcigar,FOUNDATION|OLMEC|OLMEC|TORO|TORO|6x52|MAD|BOX12,2025-11-24,194.0,1,https://www.smallbatchcigar.com/olmec-maduro-toro-by-foundation-cigars,2025-11-24 17:07:25
97,smallbatchcigar,MYFATHER|MYFATHER|THEJUDGE|GRANDROBUSTO|GRANDROBUSTO|5.625x60|ECU|BOX23,2025-11-24,306.0,0,https://www.smallbatchcigar.com/the-judge-grand-robusto,2025-11-24 17:07:25
98,smallbatchcigar,MYFATHER|MYFATHER|LEBIJOU1922|TORO|TORO|6.5x52|NIC|BOX23,2025-11-24,283.0,1,https://www.smallbatchcigar.com/le-bijou-1922-toro,2025-11-24 17:07:25
99,smallbatchcigar,PADRON|PADRON|1964ANNIVERSARY|DIPLOMATICO|DIPLOMATICO|7x50|NAT|BOX25,2025-11-24,491.0,1,https://www.smallbatchcigar.com/padron-1964-diplomatico-natural,2025-11-24 17:07:25
100,smokeinn,ARTUROFUENTE|ARTUROFUENTE|HEMINGWAY|CLASSIC|CLASSIC|7x48|CAM|BOX25,2025-11-24,273.95,1,https://www.smokeinn.com/arturo-fuente-cigars/fuente-hemingway-classics.html,2025-11-24 17:07:25
101,smokeinn,DREWESTATE|DREWESTATE|HERRERAESTELINORTENO|LONSDALEDELUXE|LONSDALEDELUXE|6.25x44|MEX|BOX25,2025-11-24,229.95,0,https://www.smokeinn.com/Drew-Estate-Herrera-Esteli-Norteno-Lonsdale-Deluxe.html,2025-11-24 17:07:25
102,smokeinn,ARTUROFUENTE|ARTUROFUENTE|HEMINGWAY|SIGNATURE|SIGNATURE|6x46|CAM|BOX25,2025-11-24,250.95,1,https://www.smokeinn.com/arturo-fuente-cigars/fuente-hemingway-signature.html,2025-11-24 17:07:25
103,smokeinn,PERDOMO|PERDOMO|RESERVE10THANNIVERSARYCHAMPAGNE|EPICURE|EPICURE|6x54|ECU|BOX25,2025-11-24,239.95,1,https://www.smokeinn.com/perdomo-reserve-champagne-Epicure.html,2025-11-24 17:07:25
104,smokeinn,MYFATHER|MYFATHER|THEJUDGE|GRANDROBUSTO|GRANDROBUSTO|5.625x60|ECU|BOX23,2025-11-24,274.95,0,https://www.smokeinn.com/My-Father-The-JudgeGrand-Robusto.html,2025-11-24 17:07:25
105,smokeinn,MYFATHER|MYFATHER|LEBIJOU1922|TORO|TORO|6.5x52|NIC|BOX23,2025-11-24,254.5,1,https://www.smokeinn.com/cigars-my-father-le-bijou-pepin-garcia-toro.html,2025-11-24 17:07:25
106,smokeinn,FOUNDATION|OLMEC|OLMEC|TORO|TORO|6x52|MAD|BOX12,2025-11-24,165.95,1,https://www.smokeinn.com/Foundation-Olmec-Maduro-Toro.html,2025-11-24 17:07:25
107,smokeinn,HOYODEMONTERREY|HOYODEMONTERREY|EXCALIBUR|EPICURE|EPICURE|5.25x50|CT|BOX20,2025-11-24,163.95,1,https://www.smokeinn.com/Excalibur-Epicures.html,2025-11-24 17:07:25
108,smokeinn,PADRON|PADRON|1964ANNIVERSARY|DIPLOMATICO|DIPLOMATICO|7x50|MAD|BOX25,2025-11-24,454.95,1,https://www.smokeinn.com/padron-anniversary-1964-maduro-diplomatico.html,2025-11-24 17:07:25
109,smokeinn,PADRON|PADRON|1964ANNIVERSARY|DIPLOMATICO|DIPLOMATICO|7x50|NAT|BOX25,2025-11-24,454.95,1,https://www.smokeinn.com/padron-anniversary-1964-natural-diplomatico.html,2025-11-24 17:07:25
110,tampasweethearts,ARTUROFUENTE|ARTUROFUENTE|HEMINGWAY|BESTSELLER|BESTSELLER|4.5x55|CAM|BOX25,2025-11-24,197.95,1,https://www.tampasweethearts.com/Hemingwaybestseller.aspx,2025-11-24 17:07:25
111,tampasweethearts,ARTUROFUENTE|ARTUROFUENTE|HEMINGWAY|BESTSELLER|BESTSELLER|4.5x55|MAD|BOX25,2025-11-24,217.95,1,https://www.tampasweethearts.com/hemingwaybestsellermaduro.aspx,2025-11-24 17:07:25
112,tampasweethearts,ARTUROFUENTE|ARTUROFUENTE|HEMINGWAY|CLASSIC|CLASSIC|7x48|CAM|BOX25,2025-11-24,273.95,1,https://www.tampasweethearts.com/hemingwayclassic.aspx,2025-11-24 17:07:25
113,tampasweethearts,ASHTON|ASHTON|VSG|ROBUSTO|ROBUSTO|5.5x50|ECU|BOX24,2025-11-24,326.95,1,https://www.tampasweethearts.com/ashtonvsgrobusto.aspx,2025-11-24 17:07:25
114,tobaccolocker,HOYODEMONTERREY|HOYODEMONTERREY|EXCALIBUR|EPICURE|EPICURE|5.25x50|CT|BOX20,2025-11-24,135.35,1,https://tobaccolocker.com/collections/general/products/hoyo-de-monterrey-excalibur-epicures-natural-cigar?variant=44034520219822,2025-11-24 17:07:25
115,tobaccolocker,ASHTON|ASHTON|VSG|ROBUSTO|ROBUSTO|5.5x50|ECU|BOX24,2025-11-24,338.0,1,https://tobaccolocker.com/products/ashton-vsg-robusto-cigars-box-of-24?variant=44034447769774,2025-11-24 17:07:25
116,tobaccolocker,MYFATHER|MYFATHER|THEJUDGE|GRANDROBUSTO|GRANDROBUSTO|5.625x60|ECU|BOX23,2025-11-24,274.95,1,https://tobaccolocker.com/products/my-father-the-judge-grand-robusto?variant=44025912000686,2025-11-24 17:07:25
117,tobaccolocker,PADRON|PADRON|1964ANNIVERSARY|DIPLOMATICO|DIPLOMATICO|7x50|MAD|BOX25,2025-11-24,455.0,1,https://tobaccolocker.com/products/padron-1964-diplomatico-maduro-cigars-box-of-25?variant=44022962913454,2025-11-24 17:07:25
118,tobaccolocker,PERDOMO|PERDOMO|RESERVE10THANNIVERSARYCHAMPAGNE|EPICURE|EPICURE|6x54|ECU|BOX25,2025-11-24,241.89,1,https://tobaccolocker.com/products/perdomo-reserve-10-year-anniversary-epicure-champ4?variant=44026060636334,2025-11-24 17:07:25
119,tobaccolocker,FOUNDATION|OLMEC|OLMEC|TORO|TORO|6x52|MAD|BOX12,2025-11-24,160.92,1,https://tobaccolocker.com/products/olmec-maduro-toro-cigars?variant=43979143807150,2025-11-24 17:07:25
120,watchcity,PADRON|PADRON|1964ANNIVERSARY|DIPLOMATICO|DIPLOMATICO|7x50|MAD|BOX25,2025-11-24,409.5,1,https://watchcitycigar.com/padron-1964-anniversary-series-diplomatico-maduro-50-x-7/,2025-11-24 17:07:25
121,watchcity,PADRON|PADRON|1964ANNIVERSARY|DIPLOMATICO|DIPLOMATICO|7x50|NAT|BOX25,2025-11-24,409.5,1,https://watchcitycigar.com/padron-1964-anniversary-series-diplomatico-natural-50-x-7/,2025-11-24 17:07:25
122,cccrafter,PADRON|PADRON|1964ANNIVERSARY|DIPLOMATICO|DIPLOMATICO|7x50|MAD|BOX25,2025-11-24,431.99,1,https://cccrafter.com/padron-1964-anniversary-diplomat-maduro-50-x-7/?srsltid=AfmBOoqmfxYjt_zyqODJzl-gc0i30buBieA2-cTZN1VW8KyFwSmAR_I5,2025-11-24 17:07:25
123,cccrafter,ROMEOYJULIETA|ROMEOYJULIETA|1875|CHURCHILL|CHURCHILL|7x50|IND|BOX25,2025-11-24,199.99,1,https://cccrafter.com/romeo-y-julieta-1875-churchill-cigar-50-x-7/,2025-11-24 17:07:25
124,cccrafter,ARTUROFUENTE|ARTUROFUENTE|HEMINGWAY|CLASSIC|CLASSIC|7x48|CAM|BOX25,2025-11-24,330.0,1,https://cccrafter.com/arturo-fuente-hemingway-natural-classic-7-x-46/?searchid=0&search_query=hemingway,2025-11-24 17:07:25
125,nickscigarworld,ARTUROFUENTE|ARTUROFUENTE|HEMINGWAY|CLASSIC|CLASSIC|7x48|CAM|BOX25,2025-11-24,235.95,1,https://nickscigarworld.com/shop/premium-cigars/arturo-fuente-hemingway/arturo-fuente-hemingway-classic/,2025-11-24 17:07:25
126,nickscigarworld,HOYODEMONTERREY|HOYODEMONTERREY|EXCALIBUR|EPICURE|EPICURE|5.25x50|CT|BOX20,2025-11-24,150.95,1,https://nickscigarworld.com/shop/premium-cigars/hoyo-de-monterrey-excalibur/excalibur-by-hoyo-de-monterrey-epicure-ems/,2025-11-24 17:07:25
127,nickscigarworld,PADRON|PADRON|1964ANNIVERSARY|DIPLOMATICO|DIPLOMATICO|7x50|MAD|BOX25,2025-11-24,455.0,1,https://nickscigarworld.com/shop/premium-cigars/padron-1964-anniversary-series/padron-1964-anniversario-diplomatico-maduro/,2025-11-24 17:07:25
128,nickscigarworld,MYFATHER|MYFATHER|THEJUDGE|GRANDROBUSTO|GRANDROBUSTO|5.625x60|ECU|BOX23,2025-11-24,275.31,1,https://nickscigarworld.com/shop/premium-cigars/my-father-the-judge/my-father-the-judge-gran-robusto/,2025-11-24 17:07:25
129,nickscigarworld,ROMEOYJULIETA|ROMEOYJULIETA|1875|CHURCHILL|CHURCHILL|7x50|IND|BOX25,2025-11-24,199.95,1,https://nickscigarworld.com/shop/premium-cigars/romeo-y-julieta-1875/romeo-y-julieta-1875-churchill/,2025-11-24 17:07:25
130,nickscigarworld,COHIBA||REDDOT|ROBUSTO|ROBUSTO|5x49|CAM|BOX25,2025-11-24,429.95,1,https://nickscigarworld.com/shop/premium-cigars/cohiba-red-dot/cohiba-red-dot-robusto/,2025-11-24 17:07:25
131,nickscigarworld,ASHTON|ASHTON|VSG|ROBUSTO|ROBUSTO|5.5x50|ECU|BOX24,2025-11-24,337.95,1,https://nickscigarworld.com/shop/premium-cigars/ashton-vsg/ashton-vsg-robusto/,2025-11-24 17:07:25
132,nickscigarworld,ARTUROFUENTE|ARTUROFUENTE|HEMINGWAY|BESTSELLER|BESTSELLER|4.5x55|CAM|BOX25,2025-11-24,178.95,1,https://nickscigarworld.com/shop/premium-cigars/arturo-fuente-hemingway/arturo-fuente-hemingway-best-seller/,2025-11-24 17:07:25
133,nickscigarworld,ARTUROFUENTE|ARTUROFUENTE|HEMINGWAY|SIGNATURE|SIGNATURE|6x46|CAM|BOX25,2025-11-24,209.95,1,https://nickscigarworld.com/shop/premium-cigars/arturo-fuente-hemingway/arturo-fuente-hemingway-signature/,2025-11-24 17:07:25
134,nickscigarworld,PERDOMO|PERDOMO|RESERVE10THANNIVERSARYCHAMPAGNE|EPICURE|EPICURE|6x54|ECU|BOX25,2025-11-24,209.95,1,https://nickscigarworld.com/shop/premium-cigars/perdomo-reserve-10th-anniversary-champagne/perdomo-reserve-champagne-epicure/,2025-11-24 17:07:25
135,nickscigarworld,PADRON|PADRON|1964ANNIVERSARY|DIPLOMATICO|DIPLOMATICO|7x50|NAT|BOX25,2025-11-24,455.0,1,https://nickscigarworld.com/shop/premium-cigars/padron-1964-anniversary-series/padron-1964-anniversary-diplomatico-natural/,2025-11-24 17:07:25
136,nickscigarworld,MYFATHER|MYFATHER|LEBIJOU1922|TORO|TORO|6.5x52|NIC|BOX23,2025-11-24,254.7,1,https://nickscigarworld.com/shop/premium-cigars/my-father-le-bijou-1922/my-father-le-bijou-1922-toro/,2025-11-24 17:07:25
137,twoguys,PADRON|PADRON|1964ANNIVERSARY|DIPLOMATICO|DIPLOMATICO|7x50|MAD|BOX25,2025-11-24,454.99,1,https://www.2guyscigars.com/padron-ani-diplomatico-mad-160135/,2025-11-24 17:07:25
138,twoguys,ARTUROFUENTE|ARTUROFUENTE|HEMINGWAY|BESTSELLER|BESTSELLER|4.5x55|CAM|BOX25,2025-11-24,243.99,0,https://www.2guyscigars.com/af-hemingway-best-seller-010112/,2025-11-24 17:07:25
139,twoguys,PERDOMO|PERDOMO|RESERVE10THANNIVERSARYCHAMPAGNE|EPICURE|EPICURE|6x54|ECU|BOX25,2025-11-24,249.99,1,https://www.2guyscigars.com/perdomo-10th-champ-epicure-164004/,2025-11-24 17:07:25
