retailer_domain,Romeo y Julieta 1875 Churchill (Box of 25),Padron 1964 Anniversary Maduro Diplomatico (Box of 25),Arturo Fuente Hemingway Classic Cameroon (Box of 25),Oliva Serie V Melanio Robusto (Box of 20),My Father The Judge Grand Robusto (Box of 23),Montecristo 1935 Anniversary Nicaragua Espeso (Box of 20),Cohiba Red Dot Robusto (Box of 25),Rocky Patel Vintage 1992 Toro (Box of 20),La Flor Dominicana Double Ligero DL-700 (Box of 20),Hoyo de Monterrey Excalibur Epicure (Box of 20),H. Upmann 1844 Reserve Churchill (Box of 25),Partagas 1845 Clasico Toro (Box of 20),Drew Estate Liga Privada No. 9 Toro (Box of 24),Drew Estate Undercrown Maduro Gran Toro (Box of 25),Perdomo 10th Anniversary Champagne Epicure (Box of 25),Perdomo 20th Anniversary Sun Grown Toro (Box of 24),Alec Bradley Prensado Gran Toro (Box of 20),Camacho Corojo Toro (Box of 20),Tatuaje Havana VI Almirantes (Toro) (Box of 24),AVO Classic No. 2 (Box of 20),La Aroma de Cuba Mi Amor Belicoso (Box of 25),Oliva Serie O Toro (Box of 20),Macanudo Cafe Hyde Park (Box of 25),CAO Flathead V660 Carb (Box of 24),Punch Gran Puro Pico Bonito (Box of 25)
2guyscigars.com,,,,,,,,,9,,,,5,,10,,,,,8,,,,,
absolutecigars.com,,,,,,,9,,,,10,8,,,,,,,,,,,,,
atlanticcigar.com,,,,,9,,,8,,,,,,,,9,,,,3,,,,,
bestcigarprices.com,2,,,1,,10,,,,4,,,,3,,,3,4,,2,2,,1,1,2
boswellpipes.com,,,,,,,,,,,,,4,,,,,,,,,,,,
casademontecristo.com,,2,,,,1,,,,,,,,,,,,,,,,,,,
cigar.com,,,,8,,,3,,,2,,,,,,8,,,,,8,,,7,5
cigarcellarofmiami.com,,1,,,,,,,,,,,,,,,,,,,,,,,
cigarcountry.com,1,3,1,2,8,2,1,1,1,,1,,1,10,1,2,4,1,1,1,10,3,,,
cigarhumidors-online.com,,,,,,,,,,,,,,,,,,,,,,,,,6
cigarking.com,,,8,,,,10,5,,,,,7,1,5,,,,,10,,,,5,
cigarplace.biz,,,,10,,9,,10,,,,2,,,,,10,7,,,4,8,,,3
cigarscity.com,,,,,,,,,,,,,,,,3,2,3,,,,1,4,,10
cigarsdaily.com,,,,7,4,,,,,6,,,2,6,3,6,,,,,9,,,,
cigarsdirect.com,,8,,,,6,,3,,,,6,,,,,9,10,5,,,6,,9,
cigarsinternational.com,8,9,3,5,,3,2,2,7,1,2,1,3,2,,1,6,,,9,1,5,7,,8
cigarterminal.com,,,,,,,,,,,,,,,,,,,,,,,8,,
coronacigar.com,,,,,,,,,,,,,,,,,,,9,,,,,,
cuencacigars.com,,,6,,,,,,5,,,,,,,,7,6,,,,,10,,7
elcigarshop.com,,,,,,,,,,,,,,,,,,,,,,,,10,
famous-smoke.com,,,,,,8,,,,,,,,,,10,,,4,,,,,,
flagstaffliquor.com,,,,,6,,,,,,,,,,,,,,,,,,,,
foxcigar.com,4,7,7,,10,,6,,3,,,,8,4,2,,,5,,4,5,4,,,
hilandscigars.com,6,,,3,,,4,,6,10,,9,,9,6,,,,,6,,,,2,4
holts.com,7,,,6,1,,,4,4,9,4,,,,,4,,,10,,,,2,,
jrcigars.com,5,5,,9,,4,8,6,,5,6,,10,,,,8,2,7,5,3,2,,4,1
littlehavanacigars.com,,,,,,,,,,,,,,,,,,,,,,,6,,
lmcigars.com,9,,9,,,,,,,,,,9,,,,,,,7,,,,,
mailcubancigars.com,,,,,,,,,,,,10,,,,,,,,,,,,,
mardocigars.com,,,,,,,,,,,,,,,,,,,2,,,,,,
mikescigars.com,3,,,,7,,,7,,8,,5,,5,,,,,,,,,,8,
myfathercigars.com,,,,,5,,,,,,,,,,,,,,,,,,,,
neptunecigar.com,,10,4,,,5,,,,7,5,4,6,7,8,5,,8,8,,6,,,6,
nickscigarworld.com,,4,2,,2,,,,2,,,,,,4,,,9,,,,,5,,
pipesandcigars.com,,,,,,,,,,,,,,,,7,,,,,,,,,
specsonline.com,,,,,,,,,,,,,,,,,,,,,,10,,,
thecigarstore.com,,,,,,,,,,,9,,,,,,,,,,,,,,
thompsoncigar.com,,,,,,,,,,,,3,,,,,,,,,,9,3,,
tiptopsmoke.com,,,,,,,,,,,,,,8,,,,,,,,,,,
tobaccolocker.com,,,,,,,,,10,,,,,,,,,,,,,,,,
tobaccostock.com,,,5,,,,5,,,,,,,,,,5,,,,,7,,,
us.egmcigars.com,,,,4,,,,,,,,,,,,,,,,,,,,,
vaporluxworld.com,,,,,,7,,,,,,,,,,,,,,,,,,,
vitolafinecigars.com,,,,,,,,,,,,,,,,,,,,,,,9,,
windycitycigars.com,,,,,,,,,,,7,,,,,,,,,,,,,,
woodencork.com,,,,,,,,9,,,,,,,,,,,,,,,,,
xocigars.com,,,,,,,,,,,,,,,,,,,,,,,,3,
