confidence,score,cid,brand,line,vitola,wrapper,cid_box_qty,retailer_key,product_title,product_url,product_vendor,variant_title,variant_price,variant_box_qty,available,reason
HIGH,85,ROMEOYJULIETA|ROMEOYJULIETA|ROMEOBYROMEOYJULIETA|MAGNUM|MAGNUM|6x60|ECU|BOX20,Romeo y Julieta,Romeo by Romeo y Julieta,Magnum,Ecuador Habano,20,tobaccostock,ROMEO by Romeo y Julieta Magnum Cigars Box of 20,https://www.tobaccostock.com/products/romeo-by-romeo-y-julieta-magnum-cigars-box-of-20,ROMEO by Romeo Y Julieta,Default Title,161.50,,True,"brand=100.0, line=100.0, vitola=100.0"
HIGH,85,ROMEOYJULIETA|ROMEOYJULIETA|1875|ROMEO|ROMEO|5.5x50|IND|BOX25,Romeo y Julieta,1875,Romeo,Indonesian Shade Grown TBN,25,tobaccostock,Romeo Y Julieta 1875 Romeo's Cigars 5 tins of 6,https://www.tobaccostock.com/products/romeo-y-julieta-1875-romeos-cigars-5-tins-of-6,Romeo Y Julieta,Default Title,47.99,,True,"brand=100.0, line=100.0, vitola=100.0"
HIGH,85,ROMEOYJULIETA|ROMEOYJULIETA|RESERVAREAL|TORO|TORO|6x54|ECU|BOX25,Romeo y Julieta,Reserva Real,Toro,Ecuador Connecticut,25,tobaccostock,Romeo Y Julieta Reserva Real Gran Toro Cigars Box of 20,https://www.tobaccostock.com/products/romeo-y-julieta-reserva-real-gran-toro-cigars-box-of-20,Romeo Reserva Real,Default Title,153.95,,True,"brand=100.0, line=100.0, vitola=100.0"
HIGH,85,OLIVA|OLIVA|CONNECTICUTRESERVE|CHURCHILL|CHURCHILL|7x48|CT|BOX20,Oliva,Connecticut Reserve,Churchill,Connecticut Shade,20,tobaccostock,Oliva Connecticut Reserve Churchill Cigars Box of 20,https://www.tobaccostock.com/products/oliva-connecticut-reserve-churchill-cigars-box-of-20,Oliva Connecticut,Default Title,159.75,,False,"brand=100.0, line=100.0, vitola=100.0"
HIGH,85,OLIVA|OLIVA|SERIEG|CHURCHILL|CHURCHILL|7x48|MEX|BOX25,Oliva,Serie G,Churchill,Mexican San Andres,25,tobaccostock,Oliva Serie V Melanio Churchill Maduro Cigars Box of 10,https://www.tobaccostock.com/products/oliva-serie-v-melanio-churchill-maduro-cigars-box-of-10,Oliva V Melanio,Default Title,135.25,,False,"brand=100.0, line=83.33333333333333, vitola=100.0"
HIGH,85,OLIVA|OLIVA|SERIEG|ROBUSTO|ROBUSTO|4.5x50|MEX|BOX25,Oliva,Serie G,Robusto,Mexican San Andres,25,tobaccostock,Oliva Serie V Melanio Robusto Maduro Cigars Box of 10,https://www.tobaccostock.com/products/oliva-serie-v-melanio-robusto-maduro-cigars-box-of-10,Oliva V Melanio,Default Title,100.25,,True,"brand=100.0, line=83.33333333333333, vitola=100.0"
HIGH,85,ARTUROFUENTE|ARTUROFUENTE|CHATEAUFUENTE|CHATEAUFUENTE|CHATEAUFUENTE|4.5x50|CT|BOX20,Arturo Fuente,Chateau Fuente,Chateau Fuente,Connecticut Shade,20,tobaccostock,Arturo Fuente Chateau Fuente Cuban Belicoso Cigars Box of 24,https://www.tobaccostock.com/products/arturo-fuente-cuban-belicoso-cigars-box-of-24,Arturo Fuente Don Carlos,Default Title,174.99,,False,"brand=100.0, line=100.0, vitola=100.0"
HIGH,85,ROCKYPATEL|ROCKYPATEL|VINTAGE1999|ROBUSTO|ROBUSTO|5x50|CT|BOX5,Rocky Patel,Vintage 1999,Robusto,Connecticut Shade,5,tobaccostock,Rocky Patel 1999 Vintage Robusto Cigars Box of 20,https://www.tobaccostock.com/products/rocky-patel-1999-vintage-robusto-cigars-box-of-20,Rocky Patel,Default Title,159.99,,False,"brand=100.0, line=100.0, vitola=100.0"
HIGH,85,MONTECRISTO|MONTECRISTO|CLASSIC|CHURCHILL|CHURCHILL|7x48|CT|BOX25,Montecristo,Classic,Churchill,Connecticut Shade,25,tobaccostock,Montecristo Classic Collection Churchill Cigars Box of 20,https://www.tobaccostock.com/products/montecristo-classic-collection-churchill-cigars-box-of-20,Montecristo Classic,Default Title,192.25,,True,"brand=100.0, line=100.0, vitola=100.0"
HIGH,85,ROMEOYJULIETA|ROMEOYJULIETA|ROMEOBYROMEOYJULIETA|CHURCHILL|CHURCHILL|7x50|ECU|BOX25,Romeo y Julieta,Romeo by Romeo y Julieta,Churchill,Ecuador Habano,25,tobaccostock,"Romeo Y Julieta 1875 Cigarros Churchill, box of 15",https://www.tobaccostock.com/products/romeo-y-julieta-1875-cigarros-churchill,Romeo Y Julieta,Default Title,103.25,,False,"brand=100.0, line=90.9090909090909, vitola=100.0"
HIGH,85,OLIVA|OLIVA|SERIEO|TORO|TORO|6x50|NIC|BOX20,Oliva,Serie O,Toro,Nicaraguan Habano,20,tobaccostock,Oliva Serie V Melanio Double Toro Cigars Box of 10,https://www.tobaccostock.com/products/oliva-serie-v-melanio-double-toro-cigars-box-of-10,Oliva V Melanio,Default Title,145.75,,True,"brand=100.0, line=83.33333333333333, vitola=100.0"
HIGH,85,ROMEOYJULIETA|ROMEOYJULIETA|RESERVAREAL|MINUTOS|MINUTOS|4x30|ECU|BOX25,Romeo y Julieta,Reserva Real,Minutos,Ecuador Connecticut,25,tobaccostock,Romeo Y Julieta Reserva Real Minutos Petites Cigars 5 Tins of 6,https://www.tobaccostock.com/products/romeo-y-julieta-reserva-real-minutos-petites-cigars-5-tins-of-6,Romeo Reserva Real,Default Title,43.99,,False,"brand=100.0, line=100.0, vitola=100.0"
HIGH,85,ARTUROFUENTE|ARTUROFUENTE|HEMINGWAY|CLASSIC|CLASSIC|7x48|SUN|BOX25,Arturo Fuente,Hemingway,Classic,Sun Grown,25,tobaccostock,Arturo Fuente Hemingway Classic Reservada Cigars Box of 25,https://www.tobaccostock.com/products/arturo-fuente-hemingway-classic-reservada-cigars-box-of-25,Arturo Fuente Hemingway,Default Title,226.65,,True,"brand=100.0, line=100.0, vitola=100.0"
HIGH,85,ARTUROFUENTE|ARTUROFUENTE|HEMINGWAY|SIGNATURE|SIGNATURE|6x46|SUN|BOX25,Arturo Fuente,Hemingway,Signature,Sun Grown,25,tobaccostock,Arturo Fuente Hemingway Signature Reservada Cigars Box of 25,https://www.tobaccostock.com/products/arturo-fuente-hemingway-signature-reservada-cigars-box-of-25,Arturo Fuente Hemingway,Default Title,224.15,,False,"brand=100.0, line=100.0, vitola=100.0"
HIGH,85,ARTUROFUENTE|ARTUROFUENTE|CHATEAUFUENTE|CHATEAUFUENTE|CHATEAUFUENTE|4.5x50|MAD|BOX20,Arturo Fuente,Chateau Fuente,Chateau Fuente,Maduro,20,tobaccostock,Arturo Fuente Chateau Fuente Maduro Cigars Box of 20,https://www.tobaccostock.com/products/arturo-fuente-chateau-fuente-maduro-cigars-box-of-20,Arturo Fuente,Default Title,146.99,,False,"brand=100.0, line=100.0, vitola=100.0"
HIGH,85,ARTUROFUENTE|ARTUROFUENTE|CHATEAUFUENTE|DOUBLECHATEAUFUENTE|DOUBLECHATEAUFUENTE|6.75x50|CT|BOX20,Arturo Fuente,Chateau Fuente,Double Chateau Fuente,Connecticut Shade,20,tobaccostock,Arturo Fuente Double Chateau Natural Cigars Box of 20,https://www.tobaccostock.com/products/arturo-fuente-double-chateau-natural-cigars-box-of-20,Arturo Fuente,Default Title,181.75,,False,"brand=100.0, line=100.0, vitola=100.0"
HIGH,85,ARTUROFUENTE|ARTUROFUENTE|CHATEAUFUENTE|KINGB|KINGB|6x55|SUN|BOX18,Arturo Fuente,Chateau Fuente,King B,Sun Grown,18,tobaccostock,Arturo Fuente Chateau Fuente King T Rosado Cigars Box of 25,https://www.tobaccostock.com/products/arturo-fuente-chateau-fuente-king-t-rosado-cigars-box-of-25,Arturo Fuente,Default Title,200.20,,False,"brand=100.0, line=100.0, vitola=80.0"
HIGH,85,ARTUROFUENTE|ARTUROFUENTE|CHATEAUFUENTE|DOUBLECHATEAUFUENTE|DOUBLECHATEAUFUENTE|6.75x50|MAD|BOX20,Arturo Fuente,Chateau Fuente,Double Chateau Fuente,Maduro,20,tobaccostock,Arturo Fuente Chateau Fuente Natural Sun Grown Cigars Box of 20,https://www.tobaccostock.com/products/arturo-fuente-chateau-fuente-natural-sun-grown-cigars-box-of-20,Arturo Fuente,Default Title,121.99,,False,"brand=100.0, line=100.0, vitola=80.0"
HIGH,85,ARTUROFUENTE|ARTUROFUENTE|CHATEAUFUENTE|DOUBLECHATEAUFUENTE|DOUBLECHATEAUFUENTE|6.75x50|SUN|BOX20,Arturo Fuente,Chateau Fuente,Double Chateau Fuente,Sun Grown,20,tobaccostock,Arturo Fuente Chateau Fuente Cigars Box of 25,https://www.tobaccostock.com/products/arturo-fuente-chateau-fuente-pyramids-cigars-box-of-25,Arturo Fuente,Default Title,148.39,,False,"brand=100.0, line=100.0, vitola=80.0"
HIGH,85,ARTUROFUENTE|ARTUROFUENTE|HEMINGWAY|MASTERPIECE|MASTERPIECE|9x52|CAM|BOX10,Arturo Fuente,Hemingway,Masterpiece,Cameroon,10,tobaccostock,Arturo Fuente Hemingway Masterpiece Cigars Box of 10,https://www.tobaccostock.com/products/arturo-fuente-hemingway-masterpiece-cigars-box-of-10,Arturo Fuente Hemingway,Default Title,137.79,,False,"brand=100.0, line=100.0, vitola=100.0"
HIGH,85,ASHTON|ASHTON|MADURO|NO.40|NO.40|6x50|CT|BOX25,Ashton,Maduro,No. 40,Connecticut Broadleaf,25,tobaccostock,Ashton Aged Maduro No. 40 Cigars Box of 25,https://www.tobaccostock.com/products/ashton-aged-maduro-no-40-cigars-box-of-25,Ashton,Default Title,199.60,,False,"brand=100.0, line=100.0, vitola=100.0"
HIGH,85,MONTECRISTO|MONTECRISTO|PLATINUM|TORO|TORO|6x50|MEX|BOX27,Montecristo,Platinum,Toro,Mexican San Andres,27,tobaccostock,Montecristo Platinum Series Toro Premium Cigars Box of 27,https://www.tobaccostock.com/products/montecristo-platinum-series-toro-50-6-premium-cigars-box-of-27,Montecristo Platinum,Default Title,218.80,,True,"brand=100.0, line=100.0, vitola=100.0"
HIGH,85,MONTECRISTO|MONTECRISTO|WHITE|CHURCHILL|CHURCHILL|7x54|ECU|BOX27,Montecristo,White,Churchill,Ecuadorian Connecticut,27,tobaccostock,Montecristo White Churchill Cigars Box of 27,https://www.tobaccostock.com/products/montecristo-white-series-churchill-54-7-premium-cigars-box-of-27,Montecristo White,Default Title,279.99,,True,"brand=100.0, line=100.0, vitola=100.0"
HIGH,85,MONTECRISTO|MONTECRISTO|WHITE|TORO|TORO|6x50|ECU|BOX27,Montecristo,White,Toro,Ecuadorian Connecticut,27,tobaccostock,Montecristo White Series Toro Premium Cigars Box of 27,https://www.tobaccostock.com/products/montecristo-white-series-toro-54-6-premium-cigars-box-of-27,Montecristo White,Default Title,274.39,,True,"brand=100.0, line=100.0, vitola=100.0"
HIGH,85,ROMEOYJULIETA|ROMEOYJULIETA|ROMEOBYROMEOYJULIETA|CHURCHILL|CHURCHILL|7x50|ECU|BOX16,Romeo y Julieta,Romeo by Romeo y Julieta,Churchill,Ecuador Habano,16,tobaccostock,ROMEO by Romeo y Julieta Churchill Natural Cigars Box of 20,https://www.tobaccostock.com/products/romeo-by-romeo-y-julieta-churchill-cigars-box-of-20,ROMEO by Romeo Y Julieta,Default Title,146.99,,False,"brand=100.0, line=100.0, vitola=100.0"
HIGH,85,ROMEOYJULIETA|ROMEOYJULIETA|ROMEOBYROMEOYJULIETA|PIRAMIDES|PIRAMIDES|6.125x52|ECU|BOX25,Romeo y Julieta,Romeo by Romeo y Julieta,Piramides,Ecuador Habano,25,tobaccostock,ROMEO by Romeo y Julieta Piramides Cigars Box of 20,https://www.tobaccostock.com/products/romeo-by-romeo-y-julieta-piramides-cigars-box-of-20,ROMEO by Romeo Y Julieta,Default Title,143.99,,True,"brand=100.0, line=100.0, vitola=100.0"
HIGH,85,ROMEOYJULIETA|ROMEOYJULIETA|ROMEOBYROMEOYJULIETA|ROBUSTO|ROBUSTO|5x50|ECU|BOX25,Romeo y Julieta,Romeo by Romeo y Julieta,Robusto,Ecuador Habano,25,tobaccostock,ROMEO by Romeo y Julieta Robusto Natural Cigars Box of 20,https://www.tobaccostock.com/products/romeo-by-romeo-y-julieta-robusto-cigars-box-of-20,ROMEO by Romeo Y Julieta,Default Title,132.99,,False,"brand=100.0, line=100.0, vitola=100.0"
HIGH,85,ROMEOYJULIETA|ROMEOYJULIETA|ROMEOBYROMEOYJULIETA|TORO|TORO|6x52|ECU|BOX25,Romeo y Julieta,Romeo by Romeo y Julieta,Toro,Ecuador Habano,25,tobaccostock,ROMEO by Romeo y Julieta Toro Natural Cigars Box of 20,https://www.tobaccostock.com/products/romeo-by-romeo-y-julieta-toro-cigars-box-of-20,ROMEO by Romeo Y Julieta,Default Title,137.99,,False,"brand=100.0, line=100.0, vitola=100.0"
HIGH,85,ROMEOYJULIETA|ROMEOYJULIETA|RESERVAREAL|LOVESTORY|LOVESTORY|4.25x46|ECU|BOX25,Romeo y Julieta,Reserva Real,Love Story,Ecuador Connecticut,25,tobaccostock,Romeo Y Julieta Reserva Real Love Story Cigars Box of 25,https://www.tobaccostock.com/products/romeo-y-julieta-reserva-real-love-story-cigars-box-of-25,Romeo Reserva Real,Default Title,123.41,,False,"brand=100.0, line=100.0, vitola=100.0"
HIGH,85,ROMEOYJULIETA|ROMEOYJULIETA|1875|DELUXE|DELUXE|5.5x44|IND|BOX10,Romeo y Julieta,1875,Deluxe,Indonesian Shade Grown TBN,10,tobaccostock,Romeo Y Julieta 1875 Cedro Deluxe 1 Cigars Box of 25,https://www.tobaccostock.com/products/romeo-y-julieta-1875-cedro-deluxe-1-cigars-box-of-25,Romeo Y Julieta,Default Title,158.80,,True,"brand=100.0, line=100.0, vitola=100.0"
HIGH,85,ROMEOYJULIETA|ROMEOYJULIETA|ROMEOBYROMEOYJULIETA|CHURCHILL|CHURCHILL|7x50|ECU|BOX20,Romeo y Julieta,Romeo by Romeo y Julieta,Churchill,Ecuador Habano,20,tobaccostock,Romeo Y Julieta 1875 Churchill Cigars Box of 25,https://www.tobaccostock.com/products/romeo-y-julieta-1875-churchill-cigars-box-of-25,Romeo Y Julieta,Default Title,155.99,,True,"brand=100.0, line=90.9090909090909, vitola=100.0"
HIGH,85,ROMEOYJULIETA|ROMEOYJULIETA|1875|NUMERODOS|NUMERODOS|6.125x52|IND|BOX10,Romeo y Julieta,1875,Numero Dos,Indonesian Shade Grown TBN,10,tobaccostock,Romeo Y Julieta 1875 Numero Dos Tube Cigars Box of 10,https://www.tobaccostock.com/products/romeo-y-julieta-1875-numero-dos-tube-cigars-box-of-10,Romeo Y Julieta,Default Title,94.60,,True,"brand=100.0, line=100.0, vitola=100.0"
HIGH,85,ROMEOYJULIETA|ROMEOYJULIETA|RESERVAREAL|CHURCHILL|CHURCHILL|7x50|ECU|BOX7,Romeo y Julieta,Reserva Real,Churchill,Ecuador Connecticut,7,tobaccostock,Romeo Y Julieta Reserva Real Churchill Cigars Box of 25,https://www.tobaccostock.com/products/romeo-y-julieta-reserva-real-churchill-cigars-box-of-25,Romeo Reserva Real,Default Title,152.60,,True,"brand=100.0, line=100.0, vitola=100.0"
HIGH,85,ROMEOYJULIETA|ROMEOYJULIETA|RESERVAREAL|CORONA|CORONA|5.5x44|ECU|BOX20,Romeo y Julieta,Reserva Real,Corona,Ecuador Connecticut,20,tobaccostock,Romeo Y Julieta Reserva Real Corona Cigars Box of 25,https://www.tobaccostock.com/products/romeo-y-julieta-reserva-real-corona-cigars-box-of-25,Romeo Reserva Real,Default Title,125.30,,True,"brand=100.0, line=100.0, vitola=100.0"
HIGH,85,ROMEOYJULIETA|ROMEOYJULIETA|RESERVAREAL|IT'SABOYROMEO|IT'SABOYROMEO|5.5x44|ECU|BOX25,Romeo y Julieta,Reserva Real,It's a Boy Romeo,Ecuador Connecticut,25,tobaccostock,Romeo Y Julieta Reserva Real It's A Boy Tube Cigars Box of 10,https://www.tobaccostock.com/products/romeo-y-julieta-reserva-real-its-a-boy-tube-cigars-box-of-10,Romeo Reserva Real,Default Title,59.99,,True,"brand=100.0, line=100.0, vitola=100.0"
HIGH,85,ROMEOYJULIETA|ROMEOYJULIETA|RESERVAREAL|IT'SAGIRLJULIETA|IT'SAGIRLJULIETA|5.5x44|ECU|BOX25,Romeo y Julieta,Reserva Real,It's a Girl Julieta,Ecuador Connecticut,25,tobaccostock,Romeo Y Julieta Reserva Real It's A Girl Tube Cigars Box of 10,https://www.tobaccostock.com/products/romeo-y-julieta-reserva-real-its-a-girl-tube-cigars-box-of-10,Romeo Reserva Real,Default Title,59.99,,True,"brand=100.0, line=100.0, vitola=100.0"
HIGH,85,ROMEOYJULIETA|ROMEOYJULIETA|RESERVAREAL|ROBUSTO|ROBUSTO|5x52|ECU|BOX27,Romeo y Julieta,Reserva Real,Robusto,Ecuador Connecticut,27,tobaccostock,Romeo Y Julieta Reserva Real Robusto Cigars Box of 25,https://www.tobaccostock.com/products/romeo-y-julieta-reserva-real-robusto-cigars-box-of-25,Romeo Reserva Real,Default Title,144.55,,True,"brand=100.0, line=100.0, vitola=100.0"
HIGH,85,ROMEOYJULIETA|ROMEOYJULIETA|RESERVAREAL|TORO|TORO|6x54|ECU|BOX20,Romeo y Julieta,Reserva Real,Toro,Ecuador Connecticut,20,tobaccostock,Romeo Y Julieta Reserva Real Toro Cigars Box of 25,https://www.tobaccostock.com/products/romeo-y-julieta-reserva-real-toro-cigars-box-of-25,Romeo Reserva Real,Default Title,146.45,,True,"brand=100.0, line=100.0, vitola=100.0"
HIGH,85,ROMEOYJULIETA|ROMEOYJULIETA|RESERVEMADURO|CHURCHILL|CHURCHILL|7x50|CT|BOX25,Romeo y Julieta,Reserve Maduro,Churchill,Connecticut Broadleaf,25,tobaccostock,Romeo Y Julieta Reserve Maduro Churchill Cigars Box of 27,https://www.tobaccostock.com/products/romeo-y-julieta-reserve-maduro-churchill-cigars-box-of-27,Romeo Reserve Maduro,Default Title,204.99,,False,"brand=100.0, line=100.0, vitola=100.0"
HIGH,85,ROMEOYJULIETA|ROMEOYJULIETA|RESERVEMADURO|ROBUSTO|ROBUSTO|5x50|CT|BOX25,Romeo y Julieta,Reserve Maduro,Robusto,Connecticut Broadleaf,25,tobaccostock,Romeo Y Julieta Reserve Maduro Robusto Cigars Box of 27,https://www.tobaccostock.com/products/romeo-y-julieta-reserve-maduro-robusto-cigars-box-of-27,Romeo Reserve Maduro,Default Title,160.65,,False,"brand=100.0, line=100.0, vitola=100.0"
HIGH,85,ROMEOYJULIETA|ROMEOYJULIETA|RESERVEMADURO|TORO|TORO|6x50|CT|BOX25,Romeo y Julieta,Reserve Maduro,Toro,Connecticut Broadleaf,25,tobaccostock,Romeo Y Julieta Reserve Maduro Toro Cigars Box of 27,https://www.tobaccostock.com/products/romeo-y-julieta-reserve-maduro-toro-cigars-box-of-27,Romeo Reserve Maduro,Default Title,175.00,,False,"brand=100.0, line=100.0, vitola=100.0"
HIGH,85,ROMEOYJULIETA|ROMEOYJULIETA|ROMEOBYROMEOYJULIETA|TORO|TORO|6x52|ECU|BOX27,Romeo y Julieta,Romeo by Romeo y Julieta,Toro,Ecuador Habano,27,tobaccostock,Romeo Y Julieta Reserve Habano Toro Cigars Box of 27,https://www.tobaccostock.com/products/romeo-y-julieta-reserve-habano-toro-cigars-box-of-27,Romeo Habano Reserve,Default Title,156.10,,True,"brand=100.0, line=90.9090909090909, vitola=100.0"
HIGH,85,ALECBRADLEY|ALECBRADLEY|BLACKMARKET|CHURCHILL|CHURCHILL|6.75x47|NIC|BOX22,Alec Bradley,Black Market,Churchill,Nicaraguan,22,tobaccostock,Alec Bradley Black Market Churchill Cigars Box of 24,https://www.tobaccostock.com/products/alec-bradley-black-market-churchill-cigars-box-of-22,Alec Bradley,Default Title,152.99,,False,"brand=100.0, line=100.0, vitola=100.0"
HIGH,85,ALECBRADLEY|ALECBRADLEY|BLACKMARKET|GORDO|GORDO|6x60|NIC|BOX22,Alec Bradley,Black Market,Gordo,Nicaraguan,22,tobaccostock,Alec Bradley Black Market Gordo Cigars Box of 24,https://www.tobaccostock.com/products/alec-bradley-black-market-gordo-cigars-box-of-22,Alec Bradley,Default Title,156.99,,False,"brand=100.0, line=100.0, vitola=100.0"
HIGH,85,ALECBRADLEY|ALECBRADLEY|BLACKMARKET|ROBUSTO|ROBUSTO|5x52|NIC|BOX22,Alec Bradley,Black Market,Robusto,Nicaraguan,22,tobaccostock,Alec Bradley Black Market Robusto Cigars Box of 24,https://www.tobaccostock.com/products/alec-bradley-black-market-robusto-cigars-box-of-22,Alec Bradley,Default Title,132.99,,False,"brand=100.0, line=100.0, vitola=100.0"
HIGH,85,ALECBRADLEY|ALECBRADLEY|BLACKMARKET|TORO|TORO|6x52|NIC|BOX2024,Alec Bradley,Black Market,Toro,Nicaraguan,2024,tobaccostock,Alec Bradley Black Market Toro Cigars Box of 24,https://www.tobaccostock.com/products/alec-bradley-black-market-toro-cigars-box-of-22,Alec Bradley,Default Title,144.99,,False,"brand=100.0, line=100.0, vitola=100.0"
HIGH,85,ALECBRADLEY|ALECBRADLEY|PRENSADO|CHURCHILL|CHURCHILL|7x48|HON|BOX20,Alec Bradley,Prensado,Churchill,Honduran Corojo,20,tobaccostock,Alec Bradley Prensado Churchill Cigars Box of 20,https://www.tobaccostock.com/products/alec-bradley-prensado-churchill-cigars-box-of-20,Alec Bradley,Default Title,147.29,,False,"brand=100.0, line=100.0, vitola=100.0"
HIGH,85,ALECBRADLEY|ALECBRADLEY|PRENSADO|TORO|TORO|6x50|HON|BOX20,Alec Bradley,Prensado,Toro,Honduran Corojo,20,tobaccostock,Alec Bradley Prensado Gran Toro Box of 20 Cigars,https://www.tobaccostock.com/products/alec-bradley-prensado-gran-toro-box-of-20-cigars,Alec Bradley,Default Title,158.99,,False,"brand=100.0, line=100.0, vitola=100.0"
HIGH,85,ALECBRADLEY|ALECBRADLEY|TEMPUS|MAGNUS|MAGNUS|5x54|HON|BOX21,Alec Bradley,Tempus,Magnus,Honduran Criollo,21,tobaccostock,Alec Bradley Tempus Magnus Cigars Box of 20,https://www.tobaccostock.com/products/alec-bradley-tempus-magnus-cigars-box-of-20,Alec Bradley,Default Title,133.49,,False,"brand=100.0, line=100.0, vitola=100.0"
HIGH,85,ALECBRADLEY|ALECBRADLEY|TEMPUS|MEDIUS6|MEDIUS6|6x50|HON|BOX21,Alec Bradley,Tempus,Medius 6,Honduran Criollo,21,tobaccostock,Alec Bradley Tempus Medius 6 Maduro Cigars Box of 20,https://www.tobaccostock.com/products/alec-bradley-tempus-medius-6-maduro-cigars-box-of-20,Alec Bradley,Default Title,105.89,,False,"brand=100.0, line=100.0, vitola=100.0"
HIGH,85,CAO|CAO|BRAZILIA|AMAZON|AMAZON|6x60|BRA|BOX20,CAO,Brazilia,Amazon,Brazilian Maduro,20,tobaccostock,CAO Brazilia Amazon Cigars Box of 20,https://www.tobaccostock.com/products/cao-brazilia-amazon-cigars-box-of-20,CAO,Default Title,144.99,,False,"brand=100.0, line=100.0, vitola=100.0"
HIGH,85,CAO|CAO|BRAZILIA|CARIOCAS|CARIOCAS|4x38|BRA|BOX6,CAO,Brazilia,Cariocas,Brazilian Maduro,6,tobaccostock,CAO Brazilia Cariocas Cigars 10 Packs of 5,https://www.tobaccostock.com/products/cao-brazilia-cariocas-cigars-10-packs-of-5,CAO,Default Title,108.60,,False,"brand=100.0, line=100.0, vitola=100.0"
HIGH,85,CAO|CAO|BRAZILIA|GOL!|GOL!|5x54|BRA|BOX20,CAO,Brazilia,Gol!,Brazilian Maduro,20,tobaccostock,CAO Brazilia Gol Cigars Box of 20,https://www.tobaccostock.com/products/cao-brazilia-gol-cigars-box-of-20,CAO,Default Title,135.75,,True,"brand=100.0, line=100.0, vitola=100.0"
HIGH,85,CAO|CAO|BRAZILIA|SAMBA|SAMBA|5.625x46|BRA|BOX20,CAO,Brazilia,Samba,Brazilian Maduro,20,tobaccostock,CAO Brazilia Samba Cigars Box of 20,https://www.tobaccostock.com/products/cao-brazilia-samba-cigars-box-of-20,CAO,Default Title,132.25,,True,"brand=100.0, line=100.0, vitola=100.0"
HIGH,85,CAO|CAO|ITALIA|CIAO|CIAO|5x56|ITA|BOX20,CAO,Italia,Ciao,Italian Habano,20,tobaccostock,CAO Italia Ciao Cigars Box of 20,https://www.tobaccostock.com/products/cao-italia-ciao-cigars-box-of-20,CAO,Default Title,137.00,,True,"brand=100.0, line=100.0, vitola=100.0"
HIGH,85,CAO|CAO|ITALIA|GONDOLA|GONDOLA|6.5x54|ITA|BOX20,CAO,Italia,Gondola,Italian Habano,20,tobaccostock,CAO Italia Gondola Cigars Box of 20,https://www.tobaccostock.com/products/cao-italia-gondola-cigars-box-of-20,CAO,Default Title,133.50,,False,"brand=100.0, line=100.0, vitola=100.0"
HIGH,85,CAO|CAO|ITALIA|PIAZZA|PIAZZA|5.625x46|ITA|BOX20,CAO,Italia,Piazza,Italian Habano,20,tobaccostock,CAO Italia Piazza Cigars Box of 20,https://www.tobaccostock.com/products/cao-italia-piazza-cigars-box-of-20,CAO,Default Title,146.25,,True,"brand=100.0, line=100.0, vitola=100.0"
HIGH,85,CAO|CAO|MX2|GORDO|GORDO|6x60|BRA|BOX20,CAO,MX2,Gordo,Brazilian Maduro,20,tobaccostock,CAO MX2 Gordo Cigars Box of 20,https://www.tobaccostock.com/products/cao-mx2-gordo-cigars-box-of-20,CAO,Default Title,135.80,,True,"brand=100.0, line=100.0, vitola=100.0"
HIGH,85,CAO|CAO|MX2|ROBUSTO|ROBUSTO|5x50|BRA|BOX20,CAO,MX2,Robusto,Brazilian Maduro,20,tobaccostock,CAO MX2 Robusto Cigars Box of 20,https://www.tobaccostock.com/products/cao-mx2-rob-cigars-box-of-20,CAO,Default Title,126.20,,False,"brand=100.0, line=100.0, vitola=100.0"
HIGH,85,CAO|CAO|MX2|TORO|TORO|6x52|BRA|BOX20,CAO,MX2,Toro,Brazilian Maduro,20,tobaccostock,CAO MX2 Toro Cigars Box of 20,https://www.tobaccostock.com/products/cao-mx2-toro-cigars-box-of-20,CAO,Default Title,151.50,,False,"brand=100.0, line=100.0, vitola=100.0"
HIGH,85,ROCKYPATEL|ROCKYPATEL|THEEDGECOROJO|TORPEDO|TORPEDO|6.125x52|HON|BOX20,Rocky Patel,The Edge Corojo,Torpedo,Honduran Corojo,20,tobaccostock,Rocky Patel Edge Torpedo Corojo Cigars Box of 20,https://www.tobaccostock.com/products/rocky-patel-edge-torpedo-corojo-cigars-box-of-20,Rocky Patel,Default Title,126.99,,False,"brand=100.0, line=84.61538461538461, vitola=100.0"
HIGH,85,ROCKYPATEL|ROCKYPATEL|SUNGROWN|ROBUSTO|ROBUSTO|5x50|ECU|BOX5,Rocky Patel,Sun Grown,Robusto,Ecuadorian Sumatra,5,tobaccostock,Rocky Patel Sun Grown Robusto Cigars Box of 20,https://www.tobaccostock.com/products/rocky-patel-sun-grown-robusto-cigars-box-of-20,Rocky Patel,Default Title,129.99,,True,"brand=100.0, line=100.0, vitola=100.0"
HIGH,85,ROCKYPATEL|ROCKYPATEL|SUNGROWN|SIXTY|SIXTY|6x60|ECU|BOX20,Rocky Patel,Sun Grown,Sixty,Ecuadorian Sumatra,20,tobaccostock,Rocky Patel Sun Grown Sixty Cigars Box of 20,https://www.tobaccostock.com/products/rocky-patel-sun-grown-sixty-cigars-box-of-20,Rocky Patel,Default Title,133.50,,False,"brand=100.0, line=100.0, vitola=100.0"
HIGH,85,ROCKYPATEL|ROCKYPATEL|SUNGROWN|TORO|TORO|6x52|ECU|BOX20,Rocky Patel,Sun Grown,Toro,Ecuadorian Sumatra,20,tobaccostock,Rocky Patel Sun Grown Toro Cigars Box of 20,https://www.tobaccostock.com/products/rocky-patel-sun-grown-toro-cigars-box-of-20,Rocky Patel,Default Title,108.30,,False,"brand=100.0, line=100.0, vitola=100.0"
HIGH,85,ROCKYPATEL|ROCKYPATEL|SUNGROWN|TORPEDO|TORPEDO|6.5x52|ECU|BOX20,Rocky Patel,Sun Grown,Torpedo,Ecuadorian Sumatra,20,tobaccostock,Rocky Patel Sun Grown Torpedo Cigars Box of 20,https://www.tobaccostock.com/products/rocky-patel-sun-grown-torpedo-cigars-box-of-20,Rocky Patel,Default Title,168.50,,True,"brand=100.0, line=100.0, vitola=100.0"
HIGH,85,ROCKYPATEL|ROCKYPATEL|THEEDGECOROJO|MISSILE|MISSILE|6x60|HON|BOX20,Rocky Patel,The Edge Corojo,Missile,Honduran Corojo,20,tobaccostock,Rocky Patel The Edge Missile Corojo Cigars Box of 25,https://www.tobaccostock.com/products/rocky-patel-the-edge-missile-corojo-cigars-box-of-25,Rocky Patel,Default Title,135.25,,True,"brand=100.0, line=100.0, vitola=100.0"
HIGH,85,ROCKYPATEL|ROCKYPATEL|THEEDGEMADURO|MISSILE|MISSILE|6x60|COS|BOX20,Rocky Patel,The Edge Maduro,Missile,Costa Rican Maduro,20,tobaccostock,Rocky Patel The Edge Missile Maduro Cigars Box of 25,https://www.tobaccostock.com/products/rocky-patel-the-edge-missile-maduro-cigars-box-of-25,Rocky Patel,Default Title,135.25,,False,"brand=100.0, line=100.0, vitola=100.0"
HIGH,85,ROCKYPATEL|ROCKYPATEL|THEEDGECOROJO|ROBUSTO|ROBUSTO|5x50|HON|BOX5,Rocky Patel,The Edge Corojo,Robusto,Honduran Corojo,5,tobaccostock,Rocky Patel The Edge Robusto Corojo Cigars Box of 20,https://www.tobaccostock.com/products/rocky-patel-the-edge-robusto-corojo-cigars-box-of-20,Rocky Patel,Default Title,112.50,,True,"brand=100.0, line=100.0, vitola=100.0"
HIGH,85,ROCKYPATEL|ROCKYPATEL|THEEDGEMADURO|ROBUSTO|ROBUSTO|5.5x50|COS|BOX5,Rocky Patel,The Edge Maduro,Robusto,Costa Rican Maduro,5,tobaccostock,Rocky Patel The Edge Robusto Maduro Cigars Box of 20,https://www.tobaccostock.com/products/rocky-patel-the-edge-robusto-maduro-cigars-box-of-20,Rocky Patel,Default Title,112.50,,True,"brand=100.0, line=100.0, vitola=100.0"
HIGH,85,ROCKYPATEL|ROCKYPATEL|THEEDGECOROJO|TORO|TORO|6x52|HON|BOX20,Rocky Patel,The Edge Corojo,Toro,Honduran Corojo,20,tobaccostock,Rocky Patel The Edge Toro Corojo Cigars Box of 20,https://www.tobaccostock.com/products/rocky-patel-the-edge-toro-corojo-cigars-box-of-20,Rocky Patel,Default Title,102.99,,True,"brand=100.0, line=100.0, vitola=100.0"
HIGH,85,ROCKYPATEL|ROCKYPATEL|THEEDGEMADURO|TORO|TORO|6x52|COS|BOX20,Rocky Patel,The Edge Maduro,Toro,Costa Rican Maduro,20,tobaccostock,Rocky Patel The Edge Toro Maduro Cigars Box of 20,https://www.tobaccostock.com/products/rocky-patel-the-edge-toro-maduro-cigars-box-of-20,Rocky Patel,Default Title,102.49,,True,"brand=100.0, line=100.0, vitola=100.0"
HIGH,85,ROCKYPATEL|ROCKYPATEL|THEEDGEMADURO|TORPEDO|TORPEDO|6.125x52|COS|BOX20,Rocky Patel,The Edge Maduro,Torpedo,Costa Rican Maduro,20,tobaccostock,Rocky Patel The Edge Torpedo Maduro Cigars Box of 20,https://www.tobaccostock.com/products/rocky-patel-the-edge-torpedo-maduro-cigars-box-of-20,Rocky Patel,Default Title,126.99,,True,"brand=100.0, line=100.0, vitola=100.0"
HIGH,85,ALECBRADLEY|ALECBRADLEY|AMERICANCLASSICBLEND|GORDO|GORDO|6x60|ECU|BOX20,Alec Bradley,American Classic Blend,Gordo,Ecuadorian Connecticut,20,tobaccostock,Alec Bradley American Classic Gordo Cigars Box of 20,https://www.tobaccostock.com/products/alec-bradley-american-classic-gordo-cigars-box-of-20,Alec Bradley,Default Title,84.20,,False,"brand=100.0, line=84.21052631578948, vitola=100.0"
HIGH,85,ALECBRADLEY|ALECBRADLEY|AMERICANCLASSICBLEND|ROBUSTO|ROBUSTO|5x50|ECU|BOX5,Alec Bradley,American Classic Blend,Robusto,Ecuadorian Connecticut,5,tobaccostock,Alec Bradley American Classic Robusto Cigars Box of 20,https://www.tobaccostock.com/products/alec-bradley-american-classic-robusto-cigars-box-of-20,Alec Bradley,Default Title,66.19,,False,"brand=100.0, line=84.21052631578948, vitola=100.0"
HIGH,85,ALECBRADLEY|ALECBRADLEY|AMERICANSUNGROWN|GORDO|GORDO|6x60|ECU|BOX20,Alec Bradley,American Sun Grown,Gordo,Ecuadorian Sumatra,20,tobaccostock,Alec Bradley American Sun Grown Gordo Cigars Box of 20,https://www.tobaccostock.com/products/alec-bradley-american-sun-grown-gordo-cigars-box-of-20,Alec Bradley Sun Grown,Default Title,84.30,,False,"brand=100.0, line=100.0, vitola=100.0"
HIGH,85,ALECBRADLEY|ALECBRADLEY|AMERICANSUNGROWN|ROBUSTO|ROBUSTO|5x50|ECU|BOX10,Alec Bradley,American Sun Grown,Robusto,Ecuadorian Sumatra,10,tobaccostock,Alec Bradley American Sun Grown Robusto Cigars Box of 20,https://www.tobaccostock.com/products/alec-bradley-american-sun-grown-robusto-cigars-box-of-20,Alec Bradley Sun Grown,Default Title,65.99,,False,"brand=100.0, line=100.0, vitola=100.0"
HIGH,85,ALECBRADLEY|ALECBRADLEY|AMERICANSUNGROWN|TORO|TORO|6x52|ECU|BOX20,Alec Bradley,American Sun Grown,Toro,Ecuadorian Sumatra,20,tobaccostock,Alec Bradley American Sun Grown Toro Cigars Box of 20,https://www.tobaccostock.com/products/alec-bradley-american-sun-grown-toro-cigars-box-of-20,Alec Bradley Sun Grown,Default Title,72.60,,False,"brand=100.0, line=100.0, vitola=100.0"
HIGH,85,DREWESTATE|DREWESTATE|LIGAPRIVADAT52|BELICOSO|BELICOSO|6x52|CON|BOX24,Drew Estate,Liga Privada T52,Belicoso,Connecticut Habano,24,tobaccostock,Liga Privada Undercrown Belicoso Cigars Box of 25,https://www.tobaccostock.com/products/liga-privada-undercrown-belicoso-cigars-box-of-25,Liga Privada Undercrown,Default Title,138.68,,False,"brand=100.0, line=85.71428571428571, vitola=100.0"
HIGH,85,DREWESTATE|DREWESTATE|LIGAPRIVADAT52|CORONADOBLE|CORONADOBLE|7x54|CON|BOX24,Drew Estate,Liga Privada T52,Corona Doble,Connecticut Habano,24,tobaccostock,Liga Privada Undercrown Corona Doble Cigars Box of 25,https://www.tobaccostock.com/products/liga-privada-undercrown-corona-doble-cigars-box-of-25,Liga Privada Undercrown,Default Title,156.75,,False,"brand=100.0, line=85.71428571428571, vitola=100.0"
HIGH,85,DREWESTATE|DREWESTATE|LIGAPRIVADAT52|ROBUSTO|ROBUSTO|5x54|CON|BOX24,Drew Estate,Liga Privada T52,Robusto,Connecticut Habano,24,tobaccostock,Liga Privada Undercrown Robusto Cigars Box of 25,https://www.tobaccostock.com/products/liga-privada-undercrown-robusto-cigars-box-of-25,Liga Privada Undercrown,Default Title,128.43,,False,"brand=100.0, line=85.71428571428571, vitola=100.0"
HIGH,85,MYFATHER|MYFATHER|JAIMEGARCIARESERVAESPECIAL|BELICOSO|BELICOSO|6x52|NIC|BOX20,My Father,Jaime Garcia Reserva Especial,Belicoso,Nicaraguan Habano,20,tobaccostock,My Father Jaime Garcia Reserva Belicoso Cigars Box of 20,https://www.tobaccostock.com/products/my-father-jaime-garcia-reserva-belicoso-cigars-box-of-20,My Father,Default Title,98.59,,False,"brand=100.0, line=81.63265306122449, vitola=100.0"
HIGH,85,MYFATHER|MYFATHER|JAIMEGARCIARESERVAESPECIAL|ROBUSTO|ROBUSTO|5x50|NIC|BOX20,My Father,Jaime Garcia Reserva Especial,Robusto,Nicaraguan Habano,20,tobaccostock,My Father Jaime Garcia Reserva Robusto Cigars Box of 20,https://www.tobaccostock.com/products/my-father-jaime-garcia-reserva-robusto-cigars-box-of-20,My Father,Default Title,89.79,,False,"brand=100.0, line=81.63265306122449, vitola=100.0"
HIGH,85,MYFATHER|MYFATHER|JAIMEGARCIARESERVAESPECIAL|TORO|TORO|6x52|NIC|BOX20,My Father,Jaime Garcia Reserva Especial,Toro,Nicaraguan Habano,20,tobaccostock,My Father Jaime Garcia Reserva Toro Cigars Box of 20,https://www.tobaccostock.com/products/my-father-jaime-garcia-reserva-toro-cigars-box-of-20,My Father,Default Title,93.59,,False,"brand=100.0, line=81.63265306122449, vitola=100.0"
HIGH,85,OLIVA|OLIVA|CONNECTICUTRESERVE|TORO|TORO|6x50|CT|BOX20,Oliva,Connecticut Reserve,Toro,Connecticut Shade,20,tobaccostock,Oliva Connecticut Reserve Double Toro Cigars Box of 10,https://www.tobaccostock.com/products/oliva-connecticut-reserve-double-toro-cigars-box-of-10,Oliva Connecticut,Default Title,84.50,,True,"brand=100.0, line=100.0, vitola=100.0"
HIGH,85,OLIVA|OLIVA|CONNECTICUTRESERVE|LONSDALE|LONSDALE|6.5x43|CT|BOX20,Oliva,Connecticut Reserve,Lonsdale,Connecticut Shade,20,tobaccostock,Oliva Connecticut Reserve Lonsdale Cigars Box of 20,https://www.tobaccostock.com/products/oliva-connecticut-reserve-lonsdale-cigars-box-of-20,Oliva Connecticut,Default Title,112.50,,True,"brand=100.0, line=100.0, vitola=100.0"
HIGH,85,OLIVA|OLIVA|CONNECTICUTRESERVE|PETITCORONA|PETITCORONA|4.5x40|CT|BOX25,Oliva,Connecticut Reserve,Petit Corona,Connecticut Shade,25,tobaccostock,Oliva Connecticut Reserve Petit Corona Cigars Box of 30,https://www.tobaccostock.com/products/oliva-connecticut-reserve-petit-corona-cigars-box-of-30,Oliva Connecticut,Default Title,130.50,,True,"brand=100.0, line=100.0, vitola=100.0"
HIGH,85,OLIVA|OLIVA|CONNECTICUTRESERVE|ROBUSTO|ROBUSTO|5x50|CT|BOX20,Oliva,Connecticut Reserve,Robusto,Connecticut Shade,20,tobaccostock,Oliva Connecticut Reserve Robusto Cigars Box of 20,https://www.tobaccostock.com/products/oliva-connecticut-reserve-robusto-cigars-box-of-20,Oliva Connecticut,Default Title,115.00,,True,"brand=100.0, line=100.0, vitola=100.0"
HIGH,85,OLIVA|OLIVA|CONNECTICUTRESERVE|TORO|TORO|6x50|CT|BOX354,Oliva,Connecticut Reserve,Toro,Connecticut Shade,354,tobaccostock,Oliva Connecticut Reserve Toro Cigars Box of 20,https://www.tobaccostock.com/products/oliva-connecticut-reserve-toro-cigars-box-of-20,Oliva Connecticut,Default Title,138.00,,True,"brand=100.0, line=100.0, vitola=100.0"
HIGH,85,OLIVA|OLIVA|CONNECTICUTRESERVE|TORO|TORO|6x50|CT|BOX10,Oliva,Connecticut Reserve,Toro,Connecticut Shade,10,tobaccostock,Oliva Connecticut Reserve Toro Tubos Cigars Box of 10,https://www.tobaccostock.com/products/oliva-connecticut-reserve-toro-tubos-cigars-box-of-10,Oliva Connecticut,Default Title,80.75,,True,"brand=100.0, line=100.0, vitola=100.0"
HIGH,85,OLIVA|OLIVA|SERIEO|CHURCHILL|CHURCHILL|7x50|NIC|BOX20,Oliva,Serie O,Churchill,Nicaraguan Habano,20,tobaccostock,Oliva Serie O Churchill Maduro Cigars Box of 20,https://www.tobaccostock.com/products/oliva-serie-o-churchill-maduro-cigars-box-of-20,Oliva O,Default Title,137.99,,True,"brand=100.0, line=100.0, vitola=100.0"
HIGH,85,OLIVA|OLIVA|SERIEV|TORPEDO|TORPEDO|6.5x52|MEX|BOX24,Oliva,Serie V,Torpedo,Mexican San Andres,24,tobaccostock,Oliva Serie O Torpedo Maduro Cigars Box of 20,https://www.tobaccostock.com/products/oliva-serie-o-torpedo-maduro-cigars-box-of-20,Oliva O,Default Title,117.99,,False,"brand=100.0, line=83.33333333333333, vitola=100.0"
HIGH,85,OLIVA|OLIVA|SERIEG|BELICOSO|BELICOSO|6x52|MEX|BOX25,Oliva,Serie G,Belicoso,Mexican San Andres,25,tobaccostock,Oliva Serie V Belicoso Cigars Box of 24,https://www.tobaccostock.com/products/oliva-serie-v-belicoso-cigars-box-of-24,Oliva V,Default Title,172.00,,False,"brand=100.0, line=83.33333333333333, vitola=100.0"
HIGH,85,OLIVA|OLIVA|SERIEG|SPECIALG|SPECIALG|4.75x46|CAM|BOX25,Oliva,Serie G,Special G,Cameroon,25,tobaccostock,Oliva Serie V Special Figurado Cigars Box of 24,https://www.tobaccostock.com/products/oliva-serie-v-special-figurado-cigars-box-of-24,Oliva V,Default Title,242.00,,True,"brand=100.0, line=83.33333333333333, vitola=87.5"
HIGH,85,OLIVA|OLIVA|SERIEVMELANIO|CHURCHILL|CHURCHILL|7x48|ECU|BOX10,Oliva,Serie V Melanio,Churchill,Ecuadorian Sumatra,10,tobaccostock,Oliva Serie V Melanio Churchill Cigars Box of 10,https://www.tobaccostock.com/products/oliva-serie-v-melanio-churchill-cigars-box-of-10,Oliva V Melanio,Default Title,135.25,,True,"brand=100.0, line=100.0, vitola=100.0"
HIGH,85,OLIVA|OLIVA|SERIEVMELANIO|FIGURADO|FIGURADO|6.5x52|ECU|BOX10,Oliva,Serie V Melanio,Figurado,Ecuadorian Sumatra,10,tobaccostock,Oliva Serie V Melanio Figurado Cigars Box of 10,https://www.tobaccostock.com/products/oliva-serie-v-melanio-figurado-cigars-box-of-10,Oliva V Melanio,Default Title,145.25,,True,"brand=100.0, line=100.0, vitola=100.0"
HIGH,85,OLIVA|OLIVA|SERIEVMELANIO|TORPEDO|TORPEDO|6.5x52|ECU|BOX10,Oliva,Serie V Melanio,Torpedo,Ecuadorian Sumatra,10,tobaccostock,Oliva Serie V Melanio Torpedo Maduro Cigars Box of 10,https://www.tobaccostock.com/products/oliva-serie-v-melanio-torpedo-maduro-cigars-box-of-10,Oliva V Melanio,Default Title,134.99,,True,"brand=100.0, line=100.0, vitola=100.0"
HIGH,85,OLIVA|OLIVA|SERIEVMELANIO|PETITCORONA|PETITCORONA|4.5x50|ECU|BOX10,Oliva,Serie V Melanio,Petit Corona,Ecuadorian Sumatra,10,tobaccostock,Oliva Serie V Melanio No 4 Petit Corona Cigars Box of 10,https://www.tobaccostock.com/products/oliva-serie-v-melanio-no-4-petit-corona-cigars-box-of-10,Oliva V Melanio,Default Title,82.00,,True,"brand=100.0, line=100.0, vitola=100.0"
HIGH,85,OLIVA|OLIVA|SERIEVMELANIO|ROBUSTO|ROBUSTO|5x52|ECU|BOX10,Oliva,Serie V Melanio,Robusto,Ecuadorian Sumatra,10,tobaccostock,Oliva Serie V Melanio Robusto Cigars Box of 10,https://www.tobaccostock.com/products/oliva-serie-v-melanio-robusto-cigars-box-of-10,Oliva V Melanio,Default Title,99.99,,True,"brand=100.0, line=100.0, vitola=100.0"
HIGH,85,OLIVA|OLIVA|SERIEO|TORPEDO|TORPEDO|6.5x52|NIC|BOX2,Oliva,Serie O,Torpedo,Nicaraguan Habano,2,tobaccostock,Oliva Serie V Melanio Torpedo Cigars Box of 10,https://www.tobaccostock.com/products/oliva-serie-v-melanio-torpedo-cigars-box-of-10,Oliva V Melanio,Default Title,135.25,,True,"brand=100.0, line=83.33333333333333, vitola=100.0"
HIGH,85,OLIVA|OLIVA|SERIEG|CHURCHILL|CHURCHILL|7x48|MEX|BOX18,Oliva,Serie G,Churchill,Mexican San Andres,18,tobaccostock,Oliva Serie G Aged Cameroon Churchill Cigars Box of 25,https://www.tobaccostock.com/products/oliva-serie-g-churchill-cigars-box-of-25,Oliva G,Default Title,126.75,,True,"brand=100.0, line=100.0, vitola=100.0"
HIGH,85,OLIVA|OLIVA|SERIEO|ROBUSTO|ROBUSTO|5x50|NIC|BOX550,Oliva,Serie O,Robusto,Nicaraguan Habano,550,tobaccostock,Oliva Serie G Aged Cameroon Robusto Cigars Box of 25,https://www.tobaccostock.com/products/oliva-serie-g-robusto-cigars-box-of-25,Oliva G,Default Title,121.50,,True,"brand=100.0, line=83.33333333333333, vitola=100.0"
HIGH,85,OLIVA|OLIVA|SERIEO|TORO|TORO|6x50|NIC|BOX14,Oliva,Serie O,Toro,Nicaraguan Habano,14,tobaccostock,Oliva Serie G Aged Cameroon Toro Cigars Box of 25,https://www.tobaccostock.com/products/oliva-serie-g-toro-cigars-box-of-25,Oliva G,Default Title,126.75,,False,"brand=100.0, line=83.33333333333333, vitola=100.0"
HIGH,85,OLIVA|OLIVA|SERIEV|TORPEDO|TORPEDO|6.5x52|MEX|BOX20,Oliva,Serie V,Torpedo,Mexican San Andres,20,tobaccostock,Oliva Serie G Aged Cameroon Torpedo Cigars Box of 25,https://www.tobaccostock.com/products/oliva-serie-g-torpedo-cigars-box-of-25,Oliva G,Default Title,126.75,,True,"brand=100.0, line=83.33333333333333, vitola=100.0"
HIGH,85,OLIVA|OLIVA|SERIEV|BELICOSO|BELICOSO|5.5x54|MEX|BOX24,Oliva,Serie V,Belicoso,Mexican San Andres,24,tobaccostock,Oliva Serie G Aged Cameroon Belicoso Cigars Box of 25,https://www.tobaccostock.com/products/oliva-serie-g-belicoso-cigars-box-of-25,Oliva G,Default Title,123.95,,True,"brand=100.0, line=83.33333333333333, vitola=100.0"
HIGH,85,OLIVA|OLIVA|SERIEG|CHURCHILL|CHURCHILL|7x48|MEX|BOX10,Oliva,Serie G,Churchill,Mexican San Andres,10,tobaccostock,Oliva Serie O Churchill Cigars Box of 20,https://www.tobaccostock.com/products/oliva-serie-o-churchill-cigars-box-of-20,Oliva O,Default Title,123.99,,True,"brand=100.0, line=83.33333333333333, vitola=100.0"
HIGH,85,OLIVA|OLIVA|SERIEG|ROBUSTO|ROBUSTO|4.5x50|MEX|BOX7,Oliva,Serie G,Robusto,Mexican San Andres,7,tobaccostock,Oliva Serie O Robusto Cigars Box of 20,https://www.tobaccostock.com/products/oliva-serie-o-robusto-cigars-box-of-20,Oliva O,Default Title,107.50,,True,"brand=100.0, line=83.33333333333333, vitola=100.0"
HIGH,85,OLIVA|OLIVA|SERIEG|ROBUSTO|ROBUSTO|4.5x50|MEX|BOX4,Oliva,Serie G,Robusto,Mexican San Andres,4,tobaccostock,Oliva Serie O Robusto Tubos Cigars Box of 10,https://www.tobaccostock.com/products/oliva-serie-o-robusto-tubos-cigars-box-of-10,Oliva O,Default Title,61.50,,True,"brand=100.0, line=83.33333333333333, vitola=100.0"
HIGH,85,PERDOMO|PERDOMO|RESERVE10THANNIVERSARYCHAMPAGNE|SUPERTORO|SUPERTORO|6x60|ECU|BOX25,Perdomo,Reserve 10th Anniversary Champagne,Super Toro,Ecuadorian Connecticut,25,tobaccostock,Perdomo 10th Anniversary Super Toro Champagne Cigars Box of 25,https://www.tobaccostock.com/products/perdomo-10th-anniversary-super-toro-champagne-cigars-box-of-25,Perdomo,Default Title,175.75,,False,"brand=100.0, line=86.66666666666667, vitola=100.0"
HIGH,85,PERDOMO|PERDOMO|RESERVE10THANNIVERSARYCHAMPAGNE|ROBUSTO|ROBUSTO|5x54|ECU|BOX7,Perdomo,Reserve 10th Anniversary Champagne,Robusto,Ecuadorian Connecticut,7,tobaccostock,Perdomo 10th Anniversary Robusto Champagne Cigars Box of 25,https://www.tobaccostock.com/products/perdomo-10th-anniversary-robusto-champagne-cigars-box-of-25,Perdomo,Default Title,151.25,,False,"brand=100.0, line=86.66666666666667, vitola=100.0"
HIGH,85,PERDOMO|PERDOMO|LOT23NATURAL|TORO|TORO|6x54|NIC|BOX20,Perdomo,Lot 23 Natural,Toro,Nicaraguan Sun Grown,20,tobaccostock,Perdomo Lot 23 Toro Natural Cigars Box of 24,https://www.tobaccostock.com/products/perdomo-lot-23-toro-natural-cigars-box-of-24,Perdomo,Default Title,125.75,,False,"brand=100.0, line=100.0, vitola=100.0"
HIGH,85,PERDOMO|PERDOMO|CHAMPAGNENOIR|EPICURE|EPICURE|6x54|CT|BOX25,Perdomo,Champagne Noir,Epicure,Connecticut Broadleaf,25,tobaccostock,Perdomo Noir Epicure Champagne Cigars Box of 25,https://www.tobaccostock.com/products/perdomo-noir-epicure-champagne-cigars-box-of-25,Perdomo,Default Title,146.49,,False,"brand=100.0, line=100.0, vitola=100.0"
HIGH,85,PERDOMO|PERDOMO|CHAMPAGNENOIR|ROBUSTO|ROBUSTO|5x54|CT|BOX25,Perdomo,Champagne Noir,Robusto,Connecticut Broadleaf,25,tobaccostock,Perdomo Noir Robusto Champagne Cigars Box of 25,https://www.tobaccostock.com/products/perdomo-noir-robusto-champagne-cigars-box-of-25,Perdomo,Default Title,135.19,,False,"brand=100.0, line=100.0, vitola=100.0"
HIGH,85,PERDOMO|PERDOMO|CHAMPAGNENOIR|SUPERTORO|SUPERTORO|6x60|CT|BOX25,Perdomo,Champagne Noir,Super Toro,Connecticut Broadleaf,25,tobaccostock,Perdomo Noir Super Toro Champagne Cigars Box of 25,https://www.tobaccostock.com/products/perdomo-noir-super-toro-champagne-cigars-box-of-25,Perdomo,Default Title,174.59,,False,"brand=100.0, line=100.0, vitola=100.0"
HIGH,85,ROMEOYJULIETA|ROMEOYJULIETA|MINIS|BLUE|BLUE|2.875x20|HOM|BOX20,Romeo y Julieta,Minis,Blue,Homogenized,20,tobaccostock,Romeo Y Julieta Mini Blue Cigars 5 Tins of 20,https://www.tobaccostock.com/products/romeo-y-julieta-mini-blue-cigars-5-tins-of-20,Romeo Y Julieta,Default Title,47.95,,False,"brand=100.0, line=80.0, vitola=100.0"
HIGH,85,ROMEOYJULIETA|ROMEOYJULIETA|MINIS|ORIGINAL|ORIGINAL|2.875x20|HOM|BOX20,Romeo y Julieta,Minis,Original,Homogenized,20,tobaccostock,Romeo Y Julieta Mini Original Cigars 5 Tins of 20,https://www.tobaccostock.com/products/romeo-y-julieta-mini-original-cigars-5-tins-of-20,Romeo Y Julieta,Default Title,47.95,,True,"brand=100.0, line=80.0, vitola=100.0"
HIGH,85,ROMEOYJULIETA|ROMEOYJULIETA|MINIS|AROMA|AROMA|2.875x20|HOM|BOX20,Romeo y Julieta,Minis,Aroma,Homogenized,20,tobaccostock,Romeo Y Julieta Mini Aroma Cigars 5 Tins of 20,https://www.tobaccostock.com/products/romeo-y-julieta-mini-aroma-cigars-5-tins-of-20,Romeo Y Julieta,Default Title,47.95,,False,"brand=100.0, line=80.0, vitola=100.0"
HIGH,85,MONTECRISTO|MONTECRISTO|CLASSIC|NO.3|NO.3|5.5x44|CT|BOX25,Montecristo,Classic,No. 3,Connecticut Shade,25,tobaccostock,Montecristo Classic Collection No. 3 Cigars Box of 20,https://www.tobaccostock.com/products/montecristo-classic-collection-no-3-cigars-box-of-20,Montecristo Classic,Default Title,162.15,,True,"brand=100.0, line=100.0, vitola=100.0"
HIGH,85,MONTECRISTO|MONTECRISTO|WHITE|TORO|TORO|6x50|ECU|BOX10,Montecristo,White,Toro,Ecuadorian Connecticut,10,tobaccostock,Montecristo White Series Toro Premium Cigars Box of 10,https://www.tobaccostock.com/products/montecristo-white-series-toro-54-6-premium-cigars-box-of-10,Montecristo White,Default Title,99.39,,False,"brand=100.0, line=100.0, vitola=100.0"
HIGH,85,DREWESTATE|DREWESTATE|UNDERCROWN10|BELICOSO|BELICOSO|6x52|SAN|BOX25,Drew Estate,Undercrown 10,Belicoso,San Andres,25,tobaccostock,Liga Undercrown Sungrown Belicoso Cigars Box of 25,https://www.tobaccostock.com/products/liga-undercrown-sungrown-belicoso-cigars-box-of-25,Liga Privada Undercrown,Default Title,136.68,,False,"brand=100.0, line=86.95652173913044, vitola=100.0"
HIGH,85,DREWESTATE|DREWESTATE|UNDERCROWN10|GORDITO|GORDITO|6x60|SAN|BOX24,Drew Estate,Undercrown 10,Gordito,San Andres,24,tobaccostock,Liga Undercrown Sungrown Gordito Cigars Box of 25,https://www.tobaccostock.com/products/liga-undercrown-sungrown-gordito-cigars-box-of-25,Liga Privada Undercrown,Default Title,166.14,,False,"brand=100.0, line=86.95652173913044, vitola=100.0"
HIGH,85,DREWESTATE|DREWESTATE|UNDERCROWNSHADE|BELICOSO|BELICOSO|6x52|ECU|BOX25,Drew Estate,Undercrown Shade,Belicoso,Ecuador Connecticut,25,tobaccostock,Liga Undercrown Shade Belicoso Cigars Box of 25,https://www.tobaccostock.com/products/liga-undercrown-shade-belicoso-cigars-box-of-25,Liga Privada Undercrown,Default Title,141.40,,False,"brand=100.0, line=100.0, vitola=100.0"
HIGH,85,DREWESTATE|DREWESTATE|UNDERCROWNSHADE|GORDITO|GORDITO|6x60|ECU|BOX25,Drew Estate,Undercrown Shade,Gordito,Ecuador Connecticut,25,tobaccostock,Liga Undercrown Shade Gordito Cigars Box of 25,https://www.tobaccostock.com/products/liga-undercrown-shade-gordito-cigars-box-of-25,Liga Privada Undercrown,Default Title,169.80,,False,"brand=100.0, line=100.0, vitola=100.0"
MEDIUM,75,ROMEOYJULIETA|ROMEOYJULIETA|1875|CORONA|CORONA|5.5x44|IND|BOX4,Romeo y Julieta,1875,Corona,Indonesian Shade Grown TBN,4,tobaccostock,Romeo Y Julieta 1875 Romeo's Court Cigars Box of 10,https://www.tobaccostock.com/products/romeo-y-julieta-1875-romeos-court-cigars-box-of-10,Romeo Y Julieta,Default Title,65.99,,True,"brand=100.0, line=100.0, vitola_tag=100.0"
MEDIUM,75,ROMEOYJULIETA|ROMEOYJULIETA|1875|ROBUSTO|ROBUSTO|5x50|IND|BOX25,Romeo y Julieta,1875,Robusto,Indonesian Shade Grown TBN,25,tobaccostock,Romeo Y Julieta 1875 Bully Cigars Box of 25,https://www.tobaccostock.com/products/romeo-y-julieta-1875-bully-cigars-box-of-25,Romeo Y Julieta,Default Title,137.99,,True,"brand=100.0, line=100.0, vitola_tag=100.0"
MEDIUM,75,ROMEOYJULIETA|ROMEOYJULIETA|1875|TORO|TORO|6x52|IND|BOX25,Romeo y Julieta,1875,Toro,Indonesian Shade Grown TBN,25,tobaccostock,Romeo Y Julieta 1875 Exhibicion 3 Cigars Box of 25,https://www.tobaccostock.com/products/romeo-y-julieta-1875-exhibicion-3-cigars-box-of-25,Romeo Y Julieta,Default Title,144.90,,True,"brand=100.0, line=100.0, vitola_tag=100.0"
MEDIUM,75,ROMEOYJULIETA|ROMEOYJULIETA|RESERVAREAL|LONSDALE|LONSDALE|6.5x44|ECU|BOX25,Romeo y Julieta,Reserva Real,Lonsdale,Ecuador Connecticut,25,tobaccostock,Romeo Y Julieta Reserva Real Lonsdales Cigars Box of 25,https://www.tobaccostock.com/products/romeo-y-julieta-reserva-real-lonsdales-cigars-box-of-25,Romeo Reserva Real,Default Title,138.99,,True,"brand=100.0, line=100.0, vitola_tag=100.0"
MEDIUM,75,ALECBRADLEY|ALECBRADLEY|MAXX|NANO|NANO|4x42|NIC|BOX20,Alec Bradley,Maxx,Nano,Nicaraguan Habano,20,tobaccostock,Alec Bradley MAXX The Curve Cigars Box of 20,https://www.tobaccostock.com/products/alec-bradley-maxx-the-curve-cigars-box-of-20,Alec Bradley,Default Title,105.99,,False,"brand=100.0, line=100.0, vitola_tag=85.71428571428572"
MEDIUM,75,ALECBRADLEY|ALECBRADLEY|MAXX|NANO|NANO|4x42|NIC|BOX24,Alec Bradley,Maxx,Nano,Nicaraguan Habano,24,tobaccostock,Alec Bradley MAXX The Freak Cigars Box of 20,https://www.tobaccostock.com/products/alec-bradley-maxx-the-freak-cigars-box-of-20,Alec Bradley,Default Title,86.69,,False,"brand=100.0, line=100.0, vitola_tag=85.71428571428572"
MEDIUM,70,ROMEOYJULIETA|ROMEOYJULIETA|1875|ROMEO|ROMEO|5.5x50|IND|BOX6,Romeo y Julieta,1875,Romeo,Indonesian Shade Grown TBN,6,tobaccostock,Romeo Y Julieta 1875 Julietas Cigars 6 Packs of 10,https://www.tobaccostock.com/products/romeo-y-julieta-1875-julietas-cigars-6-packs-of-10,Romeo Y Julieta,Default Title,112.60,,True,"brand=100.0, line=100.0, vitola=100.0, extra_words_penalty=-15 (julietas packs)"
MEDIUM,70,ROCKYPATEL|ROCKYPATEL|VINTAGE1990|PETITCORONA|PETITCORONA|4.5x50|HON|BOX20,Rocky Patel,Vintage 1990,Petit Corona,Honduran Broadleaf,20,tobaccostock,Rocky Patel 1999 Vintage Petit Corona Cigars Box of 20,https://www.tobaccostock.com/products/rocky-patel-1999-vintage-petit-corona-cigars-box-of-20,Rocky Patel,Default Title,131.99,,True,"brand=100.0, line~=73.6842105263158, vitola=100.0"
MEDIUM,70,CAO|CAO|CAMEROON|CHURCHILL|CHURCHILL|7x48|CAM|BOX20,CAO,Cameroon,Churchill,Cameroon,20,tobaccostock,La Aurora 1903 Cameroon Churchill Cigars Box of 20,https://www.tobaccostock.com/products/la-aurora-1903-cameroon-churchill-cigars-box-of-20,La Aurora,Default Title,82.99,,False,"brand~=66.66666666666667, line=100.0, vitola=100.0"
MEDIUM,70,ROMEOYJULIETA|ROMEOYJULIETA|RESERVAREAL|ROBUSTO|ROBUSTO|5x52|ECU|BOX25,Romeo y Julieta,Reserva Real,Robusto,Ecuador Connecticut,25,tobaccostock,"Romeo Y Julieta Reserve Real Robusto Nicaragua, 10 count box",https://www.tobaccostock.com/products/romeo-y-julieta-reserve-real-robusto-nicaragua-25-count-box,Romeo Reserva Real,Default Title,170.99,,False,"brand=100.0, line=91.66666666666666, vitola=100.0, extra_words_penalty=-15 (nicaragua reserve)"
MEDIUM,70,ROMEOYJULIETA|ROMEOYJULIETA|RESERVAREALNICARAGUA|TORO|TORO|6x54|NIC|BOX25,Romeo y Julieta,Reserva Real Nicaragua,Toro,Nicaraguan,25,tobaccostock,"Romeo Y Julieta Reserve Real Toro Nicaragua, 25 count box",https://www.tobaccostock.com/products/romeo-y-julieta-reserve-real-toro-nicaragua-25-count-box,Romeo Reserva Real,Default Title,176.00,,True,"brand=100.0, line~=77.77777777777777, vitola=100.0"
MEDIUM,70,ROMEOYJULIETA|ROMEOYJULIETA|RESERVAREAL|CHURCHILL|CHURCHILL|7x50|ECU|BOX25,Romeo y Julieta,Reserva Real,Churchill,Ecuador Connecticut,25,tobaccostock,"Romeo Y Julieta Reserve Real Churchill Nicaragua, 25 count box",https://www.tobaccostock.com/products/romeo-y-julieta-reserve-real-churchill-nicaragua-25-count-box,Romeo Reserva Real,Default Title,185.99,,True,"brand=100.0, line=91.66666666666666, vitola=100.0, extra_words_penalty=-15 (nicaragua reserve)"
MEDIUM,70,ROMEOYJULIETA|ROMEOYJULIETA|RESERVAREAL|MAGNUM|MAGNUM|6x60|ECU|BOX20,Romeo y Julieta,Reserva Real,Magnum,Ecuador Connecticut,20,tobaccostock,"Romeo Y Julieta Reserve Real Magnum Nicaragua, 20 count box",https://www.tobaccostock.com/products/romeo-y-julieta-reserve-real-magnum-nicaragua-20-count-box,Romeo Reserva Real,Default Title,153.50,,False,"brand=100.0, line=91.66666666666666, vitola=100.0, extra_words_penalty=-15 (nicaragua reserve)"
MEDIUM,70,ROMEOYJULIETA|ROMEOYJULIETA|RESERVAREAL|CORONA|CORONA|5.5x44|ECU|BOX25,Romeo y Julieta,Reserva Real,Corona,Ecuador Connecticut,25,tobaccostock,"Romeo Y Julieta Reserve Real Corona Nicaragua, 25 count box",https://www.tobaccostock.com/products/romeo-y-julieta-reserve-real-corona-nicaragua-25-count-box,Romeo Reserva Real,Default Title,150.00,,True,"brand=100.0, line=91.66666666666666, vitola=100.0, extra_words_penalty=-15 (nicaragua reserve)"
MEDIUM,70,ROMEOYJULIETA|ROMEOYJULIETA|RESERVAREAL|PORTOREAL|PORTOREAL|7x36|ECU|BOX25,Romeo y Julieta,Reserva Real,Porto Real,Ecuador Connecticut,25,tobaccostock,Romeo Y Julieta Reserva Real Magnum Cigars Box of 20,https://www.tobaccostock.com/products/romeo-y-julieta-reserva-real-magnum-cigars-box-of-20,Romeo Reserva Real,Default Title,134.25,,False,"brand=100.0, line=100.0, vitola~=57.142857142857146"
MEDIUM,70,DREWESTATE|DREWESTATE|DEADWOODLEATHERROSE|LEATHERROSE|LEATHERROSE|5x50|MAD|BOX24,Drew Estate,Deadwood Leather Rose,Leather Rose,Maduro,24,tobaccostock,Deadwood Leather Rose Torpedo Cigars Box of 24,https://www.tobaccostock.com/products/deadwood-leather-rose-torpedo-cigars-box-of-24,Deadwood,Default Title,167.75,,True,"brand~=54.54545454545454, line=100.0, vitola=100.0"
MEDIUM,70,ARTUROFUENTE|ARTUROFUENTE|HEMINGWAY|UNTOLDSTORY|UNTOLDSTORY|7.625x53|MAD|BOX25,Arturo Fuente,Hemingway,Untold Story,Maduro,25,tobaccostock,Arturo Fuente Hemingway Short Story Cigars Box of 25,https://www.tobaccostock.com/products/arturo-fuente-hemingway-short-story-cigars-box-of-25,Arturo Fuente Hemingway,Default Title,149.15,,False,"brand=100.0, line=100.0, vitola~=58.8235294117647"
MEDIUM,70,ARTUROFUENTE|ARTUROFUENTE|CHATEAUFUENTE|ROYALSALUTE|ROYALSALUTE|7.625x54|CT|BOX10,Arturo Fuente,Chateau Fuente,Royal Salute,Connecticut Shade,10,tobaccostock,Arturo Fuente Royal Salute Cigars Box of 10,https://www.tobaccostock.com/products/arturo-fuente-royal-salute-cigars-box-of-10,Arturo Fuente,Default Title,110.99,,False,"brand=100.0, line~=60.0, vitola=100.0"
MEDIUM,70,ARTUROFUENTE|ARTUROFUENTE|CHATEAUFUENTE|ROYALSALUTE|ROYALSALUTE|7.625x54|MAD|BOX10,Arturo Fuente,Chateau Fuente,Royal Salute,Maduro,10,tobaccostock,Arturo Fuente Royal Salute Maduro Cigars Box of 10,https://www.tobaccostock.com/products/arturo-fuente-royal-salute-maduro-cigars-box-of-10,Arturo Fuente,Default Title,110.99,,False,"brand=100.0, line~=60.0, vitola=100.0"
MEDIUM,70,THEWISEMAN|THEWISEMAN|MADURO|TORO|TORO|6x52|MEX|BOX20,The Wise Man,Maduro,Toro,Mexican San Andres,20,tobaccostock,Brioso Toro Maduro Cigars Pack of 20,https://www.tobaccostock.com/products/brioso-toro-maduro-cigars-pack-of-20,Brioso,Default Title,86.50,,False,"brand~=50.0, line=100.0, vitola=100.0"
MEDIUM,70,MONTECRISTO|MONTECRISTO|PLATINUM|CHURCHILL|CHURCHILL|7x50|MEX|BOX27,Montecristo,Platinum,Churchill,Mexican San Andres,27,tobaccostock,Montecristo Platinum Series Churchill Tube Premium Cigars Box of 15,https://www.tobaccostock.com/products/montecristo-platinum-series-churchill-tube-50-7-premium-cigars-box-of-15,Montecristo Platinum,Default Title,146.89,,True,"brand=100.0, line=100.0, vitola=100.0, extra_words_penalty=-15 (series tube)"
MEDIUM,70,ROMEOYJULIETA|ROMEOYJULIETA|ROMEOBYROMEOYJULIETA|CHURCHILL|CHURCHILL|7x50|ECU|BOX27,Romeo y Julieta,Romeo by Romeo y Julieta,Churchill,Ecuador Habano,27,tobaccostock,Romeo Y Julieta 1875 Churchill en Tubos Cigars Box of 10,https://www.tobaccostock.com/products/romeo-y-julieta-1875-churchill-en-tubos-cigars-box-of-10,Romeo Y Julieta,Default Title,76.99,,True,"brand=100.0, line=90.9090909090909, vitola=100.0, extra_words_penalty=-15 (en tubos)"
MEDIUM,70,ROMEOYJULIETA|ROMEOYJULIETA|1875|DELUXE|DELUXE|5.5x44|IND|BOX25,Romeo y Julieta,1875,Deluxe,Indonesian Shade Grown TBN,25,tobaccostock,Romeo Y Julieta 1875 Deluxe 1 Glass Tubes Cigars Box of 10,https://www.tobaccostock.com/products/romeo-y-julieta-1875-deluxe-1-glass-tubes-cigars-box-of-10,Romeo Y Julieta,Default Title,76.99,,True,"brand=100.0, line=100.0, vitola=100.0, extra_words_penalty=-15 (glass tubes)"
MEDIUM,70,ROMEOYJULIETA|ROMEOYJULIETA|RESERVAREAL|PORTOREAL|PORTOREAL|7x36|ECU|BOX20,Romeo y Julieta,Reserva Real,Porto Real,Ecuador Connecticut,20,tobaccostock,Romeo Y Julieta Reserva Real Minutos Cigars Box of 25,https://www.tobaccostock.com/products/romeo-y-julieta-reserva-real-minutos-cigars-box-of-25,Romeo Reserva Real,Default Title,76.09,,False,"brand=100.0, line=100.0, vitola~=57.142857142857146"
MEDIUM,70,ROMEOYJULIETA|ROMEOYJULIETA|RESERVAREAL|NO.2BELICOSO|NO.2BELICOSO|6x52|ECU|BOX25,Romeo y Julieta,Reserva Real,No. 2 Belicoso,Ecuador Connecticut,25,tobaccostock,Romeo Y Julieta Reserva Real Short Belicoso Cigars Box of 21,https://www.tobaccostock.com/products/romeo-y-julieta-reserva-real-short-belicoso-cigars-box-of-21,Romeo Reserva Real,Default Title,117.60,,False,"brand=100.0, line=100.0, vitola~=72.72727272727272"
MEDIUM,70,ROMEOYJULIETA|ROMEOYJULIETA|1875|CEDRONO.1|CEDRONO.1|6x44|IND|BOX25,Romeo y Julieta,1875,Cedro No. 1,Indonesian Shade Grown TBN,25,tobaccostock,Romeo Y Julieta 1875 Cedro Deluxe 2 Cigars Box of 25,https://www.tobaccostock.com/products/romeo-y-julieta-1875-cedro-deluxe-2-cigars-box-of-25,Romeo Y Julieta,Default Title,155.40,,True,"brand=100.0, line=100.0, vitola~=62.5"
MEDIUM,70,ROMEOYJULIETA|ROMEOYJULIETA|RESERVE(HABANARESERVE)|CORONA|CORONA|5.5x44|NIC|BOX25,Romeo y Julieta,Reserve (Habana Reserve),Corona,Nicaraguan,25,tobaccostock,Romeo Y Julieta Habana Reserve Corona En Tubo Cigars Box of 21,https://www.tobaccostock.com/products/romeo-y-julieta-habana-reserve-corona-en-tubo-cigars-box-of-21,Romeo Habano Reserve,Default Title,134.75,,True,"brand=100.0, line=100.0, vitola=100.0, extra_words_penalty=-15 (en tubo)"
MEDIUM,70,CAO|CAO|AMAZONANACONDA|ANACONDA|ANACONDA|6x60|ECU|BOX20,CAO,Amazon Anaconda,Anaconda,Ecuadorian Sumatra,20,tobaccostock,CAO Brazilia Anaconda Cigars Box of 10,https://www.tobaccostock.com/products/cao-brazilia-anaconda-cigars-box-of-10,CAO,Default Title,64.88,,False,"brand=100.0, line~=69.56521739130434, vitola=100.0"
MEDIUM,70,ROCKYPATEL|ROCKYPATEL|SUNGROWNMADURO|TORO|TORO|6x52|ECU|BOX20,Rocky Patel,Sun Grown Maduro,Toro,Ecuadorian Maduro,20,tobaccostock,Rocky Patel Sun Grown Toro Tubo Cigars Box of 10,https://www.tobaccostock.com/products/rocky-patel-sun-grown-toro-tubo-cigars-box-of-10,Rocky Patel,Default Title,56.80,,True,"brand=100.0, line~=72.0, vitola=100.0"
MEDIUM,70,ROCKYPATEL|ROCKYPATEL|THEEDGECOROJO|BATTALION|BATTALION|6x60|HON|BOX20,Rocky Patel,The Edge Corojo,Battalion,Honduran Corojo,20,tobaccostock,Rocky Patel The Edge Battalion Sixty Connecticut Cigars Box of 20,https://www.tobaccostock.com/products/rocky-patel-the-edge-battalion-sixty-connecticut-cigars-box-of-20,Rocky Patel,Default Title,151.99,,True,"brand=100.0, line~=69.56521739130434, vitola=100.0"
MEDIUM,70,ROCKYPATEL|ROCKYPATEL|THEEDGEMADURO|BATTALION|BATTALION|6x60|COS|BOX20,Rocky Patel,The Edge Maduro,Battalion,Costa Rican Maduro,20,tobaccostock,Rocky Patel The Edge Battalion Sixty Corojo Cigars Box of 20,https://www.tobaccostock.com/products/rocky-patel-the-edge-battalion-sixty-corojo-cigars-box-of-20,Rocky Patel,Default Title,151.99,,True,"brand=100.0, line~=69.56521739130434, vitola=100.0"
MEDIUM,70,ROCKYPATEL|ROCKYPATEL|THEEDGEHABANO|BATTALION|BATTALION|6x60|NIC|BOX20,Rocky Patel,The Edge Habano,Battalion,Nicaraguan Habano,20,tobaccostock,Rocky Patel The Edge Battalion Sixty Maduro Cigars Box of 20,https://www.tobaccostock.com/products/rocky-patel-the-edge-battalion-sixty-maduro-cigars-box-of-20,Rocky Patel,Default Title,151.99,,True,"brand=100.0, line~=69.56521739130434, vitola=100.0"
MEDIUM,70,DREWESTATE|DREWESTATE|ACID|EARTHINESS|EARTHINESS|4x38|IND|BOX24,Drew Estate,Acid,Earthiness,Indonesian Sumatra,24,tobaccostock,Acid Earthiness Cigars Box of 24,https://www.tobaccostock.com/products/acid-earthiness-cigars-box-of-24,Acid,Default Title,128.35,,False,"brand~=54.54545454545454, line=100.0, vitola=100.0"
MEDIUM,70,ALECBRADLEY|ALECBRADLEY|AMERICANSUNGROWN|TORO|TORO|6x52|ECU|BOX5,Alec Bradley,American Sun Grown,Toro,Ecuadorian Sumatra,5,tobaccostock,Alec Bradley American Classic Toro Cigars Box of 20,https://www.tobaccostock.com/products/alec-bradley-american-classic-toro-cigars-box-of-20,Alec Bradley,Default Title,69.99,,False,"brand=100.0, line~=61.53846153846154, vitola=100.0"
MEDIUM,70,DREWESTATE|DREWESTATE|UNDERCROWN10|GORDITO|GORDITO|6x60|SAN|BOX25,Drew Estate,Undercrown 10,Gordito,San Andres,25,tobaccostock,Liga Privada Undercrown Gordito Cigars Box of 25,https://www.tobaccostock.com/products/liga-privada-undercrown-gordito-cigars-box-of-25-5-cigars,Liga Privada Undercrown,Default Title,166.09,,False,"brand=100.0, line=86.95652173913044, vitola=100.0, extra_words_penalty=-15 (liga privada)"
MEDIUM,70,DREWESTATE|DREWESTATE|LIGAPRIVADAT52|TORO|TORO|6x52|CON|BOX24,Drew Estate,Liga Privada T52,Toro,Connecticut Habano,24,tobaccostock,Liga Privada Undercrown Gran Toro Cigars Box of 25,https://www.tobaccostock.com/products/liga-privada-undercrown-gran-toro-cigars-box-of-25-5-cigars,Liga Privada Undercrown,Default Title,134.19,,False,"brand=100.0, line=85.71428571428571, vitola=100.0, extra_words_penalty=-15 (gran undercrown)"
MEDIUM,70,MYFATHER|MYFATHER|NO.3|ROBUSTO|ROBUSTO|5x50|NIC|BOX23,My Father,No. 3,Robusto,Nicaraguan Corojo,23,tobaccostock,My Father # 1 Robusto Cigars Box of 23,https://www.tobaccostock.com/products/my-father-1-robusto-cigars-box-of-23,My Father,Default Title,150.89,,False,"brand=100.0, line~=60.0, vitola=100.0"
MEDIUM,70,MYFATHER|MYFATHER|NO.2|BELICOSO|BELICOSO|5.625x55|NIC|BOX23,My Father,No. 2,Belicoso,Nicaraguan Habano,23,tobaccostock,My Father # 2 Belicoso Cigars Box of 23,https://www.tobaccostock.com/products/my-father-2-belicosos-cigars-box-of-23,My Father,Default Title,172.09,,False,"brand=100.0, line~=60.0, vitola=100.0"
MEDIUM,70,MYFATHER|MYFATHER|NO.3|TORO|TORO|6x50|NIC|BOX23,My Father,No. 3,Toro,Nicaraguan Corojo,23,tobaccostock,My Father # 5 Toro Cigars Box of 23,https://www.tobaccostock.com/products/my-father-5-toro-cigars-box-of-23,My Father,Default Title,185.49,,False,"brand=100.0, line~=60.0, vitola=100.0"
MEDIUM,70,MYFATHER|MYFATHER|NO.1|TORO|TORO|6.5x52|NIC|BOX23,My Father,No. 1,Toro,Nicaraguan Habano,23,tobaccostock,My Father # 6 Toro Gordo Cigars Box of 18,https://www.tobaccostock.com/products/my-father-6-toro-gordo-cigars-box-of-18,My Father,Default Title,153.69,,False,"brand=100.0, line~=60.0, vitola=100.0"
MEDIUM,70,OLIVA|OLIVA|SERIEO|TORPEDO|TORPEDO|6.5x52|NIC|BOX20,Oliva,Serie O,Torpedo,Nicaraguan Habano,20,tobaccostock,Oliva Connecticut Reserve Torpedo Cigars Box of 20,https://www.tobaccostock.com/products/oliva-connecticut-reserve-torpedo-cigars-box-of-20,Oliva Connecticut,Default Title,159.75,,True,"brand=100.0, line~=71.42857142857143, vitola=100.0"
MEDIUM,70,OLIVA|OLIVA|SERIEO|TORO|TORO|6x50|NIC|BOX10,Oliva,Serie O,Toro,Nicaraguan Habano,10,tobaccostock,Oliva Serie V Toro Maduro Limited Edition Cigars Box of 10,https://www.tobaccostock.com/products/oliva-serie-v-toro-maduro-limited-edition-cigars-box-of-10,Oliva V,Default Title,73.99,,False,"brand=100.0, line=83.33333333333333, vitola=100.0, extra_words_penalty=-15 (edition limited)"
MEDIUM,70,OLIVA|OLIVA|SERIEG|ROBUSTO|ROBUSTO|4.5x50|MEX|BOX5,Oliva,Serie G,Robusto,Mexican San Andres,5,tobaccostock,Oliva Serie G Aged Cameroon Double Robusto Round Cigars Box of 25,https://www.tobaccostock.com/products/oliva-serie-g-double-robusto-round-cigars-box-of-25,Oliva G,Default Title,149.50,,True,"brand=100.0, line=100.0, vitola=100.0, extra_words_penalty=-15 (aged round)"
MEDIUM,70,OLIVA|OLIVA|SERIEG|CHURCHILL|CHURCHILL|7x48|MEX|BOX24,Oliva,Serie G,Churchill,Mexican San Andres,24,tobaccostock,Oliva Serie V Liga Especial Churchill Extra Cigars Box of 24,https://www.tobaccostock.com/products/oliva-serie-v-churchill-extra-cigars-box-of-24,Oliva V,Default Title,220.00,,True,"brand=100.0, line=83.33333333333333, vitola=100.0, extra_words_penalty=-15 (especial liga)"
MEDIUM,70,OLIVA|OLIVA|SERIEG|ROBUSTO|ROBUSTO|4.5x50|MEX|BOX20,Oliva,Serie G,Robusto,Mexican San Andres,20,tobaccostock,Oliva Serie V Liga Especial Double Robusto Cigars Box of 24,https://www.tobaccostock.com/products/oliva-serie-v-double-robusto-cigars-box-of-24,Oliva V,Default Title,172.50,,True,"brand=100.0, line=83.33333333333333, vitola=100.0, extra_words_penalty=-15 (especial liga)"
MEDIUM,70,PERDOMO|PERDOMO|RESERVE10THANNIVERSARYSUNGROWN|CHURCHILL|CHURCHILL|7x54|CUB|BOX25,Perdomo,Reserve 10th Anniversary Sun Grown,Churchill,Cuban-Seed Sun Grown,25,tobaccostock,Perdomo 10th Anniversary Churchill Champagne Cigars Box of 25,https://www.tobaccostock.com/products/perdomo-10th-anniversary-churchill-champagne-cigars-box-of-25,Perdomo,Default Title,167.75,,False,"brand=100.0, line~=64.0, vitola=100.0"
MEDIUM,70,PERDOMO|PERDOMO|RESERVE10THANNIVERSARYSUNGROWN|EPICURE|EPICURE|6x54|CUB|BOX25,Perdomo,Reserve 10th Anniversary Sun Grown,Epicure,Cuban-Seed Sun Grown,25,tobaccostock,Perdomo 10th Anniversary Epicure Champagne Cigars Box of 25,https://www.tobaccostock.com/products/perdomo-10th-anniversary-epicure-champagne-cigars-box-of-25,Perdomo,Default Title,159.50,,False,"brand=100.0, line~=64.0, vitola=100.0"
MEDIUM,70,PERDOMO|PERDOMO|HABANOMADURO|CHURCHILL|CHURCHILL|7x48|NIC|BOX24,Perdomo,Habano Maduro,Churchill,Nicaraguan Maduro,24,tobaccostock,Perdomo Lot 23 Churchill Maduro Cigars Box of 24,https://www.tobaccostock.com/products/perdomo-lot-23-churchill-maduro-cigars-box-of-24,Perdomo,Default Title,133.50,,False,"brand=100.0, line~=63.1578947368421, vitola=100.0"
MEDIUM,70,ROMEOYJULIETA|ROMEOYJULIETA|RESERVAREAL|PETITEROBUSTO|PETITEROBUSTO|4.25x54|ECU|BOX25,Romeo y Julieta,Reserva Real,Petite Robusto,Ecuador Connecticut,25,tobaccostock,Romeo Y Julieta Reserva Real Robusto Cigars Box of 10,https://www.tobaccostock.com/products/romeo-y-julieta-reserva-real-robusto-cigars-box-of-10,Romeo Reserva Real,Default Title,56.00,,False,"brand=100.0, line=100.0, vitola~=66.66666666666666"
MEDIUM,70,DREWESTATE|DREWESTATE|KENTUCKYFIRECURED|JUSTAFRIEND|JUSTAFRIEND|5x52|KEN|BOX24,Drew Estate,Kentucky Fire Cured,Just a Friend,Kentucky Fire Cured,24,tobaccostock,Kentucky Fire Cured Just A Friend (Toro) Cigars Bundle of 10,https://www.tobaccostock.com/products/kentucky-fire-cured-just-a-friend-toro-cigars-bundle-of-10,Kentucky Fire Cured,Default Title,54.75,,True,"brand~=54.54545454545454, line=100.0, vitola=100.0"
MEDIUM,70,DREWESTATE|DREWESTATE|UNDERCROWNSHADE|GRANTORO|GRANTORO|6x52|ECU|BOX25,Drew Estate,Undercrown Shade,Gran Toro,Ecuador Connecticut,25,tobaccostock,Liga Undercrown Sungrown Gran Toro Cigars Box of 25,https://www.tobaccostock.com/products/liga-undercrown-sungrown-gran-toro-cigars-box-of-25,Liga Privada Undercrown,Default Title,129.91,,False,"brand=100.0, line~=76.92307692307692, vitola=100.0"
MEDIUM,70,DREWESTATE|DREWESTATE|UNDERCROWNSHADE|CORONAVIVA|CORONAVIVA|5.625x46|ECU|BOX25,Drew Estate,Undercrown Shade,Corona Viva,Ecuador Connecticut,25,tobaccostock,Liga Undercrown Shade Corona Double Cigars Box of 25,https://www.tobaccostock.com/products/liga-undercrown-shade-corona-double-cigars-box-of-25,Liga Privada Undercrown,Default Title,177.75,,False,"brand=100.0, line=100.0, vitola~=70.58823529411765"
MEDIUM,60,ASHTON|ASHTON|VSG|TRESMYSTIQUE|TRESMYSTIQUE|5.625x50|ECU|BOX10,Ashton,VSG,Tres Mystique,Ecuadorian Sun Grown,10,tobaccostock,Ashton VSG Virgin Sun Grown Robusto Cigars Box of 24,https://www.tobaccostock.com/products/ashton-vsg-virgin-sun-grown-robusto-cigars-box-of-24,Ashton Virgin Sun Grown,Default Title,289.99,,False,"brand=100.0, line=100.0"
MEDIUM,60,ASHTON|ASHTON|VSG|TRESMYSTIQUE|TRESMYSTIQUE|5.625x50|ECU|BOX7,Ashton,VSG,Tres Mystique,Ecuadorian Sun Grown,7,tobaccostock,Ashton VSG Virgin Sun Grown Torpedo Cigars Box of 24,https://www.tobaccostock.com/products/ashton-vsg-virgin-sun-grown-torpedo-cigars-box-of-24,Ashton Virgin Sun Grown,Default Title,323.19,,False,"brand=100.0, line=100.0"
MEDIUM,60,OLIVA|OLIVA|SERIEG|CORONA|CORONA|5.5x43|CAM|BOX25,Oliva,Serie G,Corona,Cameroon,25,tobaccostock,Oliva Serie V Melanio No.4 Maduro Cigars Box of 10,https://www.tobaccostock.com/products/oliva-serie-v-melanio-no-4-maduro-cigars-box-of-10,Oliva V Melanio,Default Title,82.00,,True,"brand=100.0, line=83.33333333333333, vitola_tag=100.0, extra_words_penalty=-15 (melanio no.4)"
MEDIUM,60,OLIVA|OLIVA|SERIEG|PETITCORONA|PETITCORONA|4.5x40|CAM|BOX25,Oliva,Serie G,Petit Corona,Cameroon,25,tobaccostock,Oliva Serie V Melanio 460 Cigars Box of 10,https://www.tobaccostock.com/products/oliva-serie-v-melanio-460-cigars-box-of-10,Oliva V Melanio,Default Title,94.15,,True,"brand=100.0, line=83.33333333333333"
MEDIUM,60,ROCKYPATEL|ROCKYPATEL|VINTAGE1999|ROBUSTO|ROBUSTO|5x50|CT|BOX20,Rocky Patel,Vintage 1999,Robusto,Connecticut Shade,20,tobaccostock,Rocky Patel 1999 Vintage Perfecto Cigars Box of 20,https://www.tobaccostock.com/products/rocky-patel-1999-vintage-perfecto-cigars-box-of-20,Rocky Patel,Default Title,116.99,,False,"brand=100.0, line=100.0"
MEDIUM,60,ROCKYPATEL|ROCKYPATEL|VINTAGE1999|TORO|TORO|6x52|CT|BOX20,Rocky Patel,Vintage 1999,Toro,Connecticut Shade,20,tobaccostock,Rocky Patel 1999 Vintage Sixty Cigars Box of 20,https://www.tobaccostock.com/products/rocky-patel-1999-vintage-sixty-cigars-box-of-20,Rocky Patel,Default Title,199.99,,False,"brand=100.0, line=100.0"
MEDIUM,60,ROCKYPATEL|ROCKYPATEL|VINTAGE1999|CHURCHILL|CHURCHILL|7x48|CT|BOX20,Rocky Patel,Vintage 1999,Churchill,Connecticut Shade,20,tobaccostock,Rocky Patel 1999 Vintage Toro Cigars Box of 20,https://www.tobaccostock.com/products/rocky-patel-1999-vintage-toro-cigars-box-of-20,Rocky Patel,Default Title,169.99,,False,"brand=100.0, line=100.0"
MEDIUM,60,ROCKYPATEL|ROCKYPATEL|VINTAGE1999|JUNIOR|JUNIOR|4x50|CT|BOX20,Rocky Patel,Vintage 1999,Junior,Connecticut Shade,20,tobaccostock,Rocky Patel 1999 Vintage Torpedo Cigars Box of 20,https://www.tobaccostock.com/products/rocky-patel-1999-vintage-torpedo-cigars-box-of-20,Rocky Patel,Default Title,175.99,,True,"brand=100.0, line=100.0"
MEDIUM,60,ROMEOYJULIETA|ROMEOYJULIETA|1875|BULLY|BULLY|5x50|IND|BOX25,Romeo y Julieta,1875,Bully,Indonesian Shade Grown TBN,25,tobaccostock,"Romeo Y Julieta 1875 Cigarros Gordo, box of 15",https://www.tobaccostock.com/products/copy-of-romeo-y-julieta-1875-cigarros-gordo,Romeo Y Julieta,Default Title,106.99,,False,"brand=100.0, line=100.0"
MEDIUM,60,ROMEOYJULIETA|ROMEOYJULIETA|1875|NUMERODOS|NUMERODOS|6.125x52|IND|BOX25,Romeo y Julieta,1875,Numero Dos,Indonesian Shade Grown TBN,25,tobaccostock,"Romeo Y Julieta 1875 Cigarros Dos, box of 15",https://www.tobaccostock.com/products/copy-of-romeo-y-julieta-1875-cigarros-dos,Romeo Y Julieta,Default Title,92.15,,True,"brand=100.0, line=100.0"
MEDIUM,60,ROMEOYJULIETA|ROMEOYJULIETA|1875|BULLYBELLICOSO|BULLYBELLICOSO|5x52|IND|BOX25,Romeo y Julieta,1875,Bully Bellicoso,Indonesian Shade Grown TBN,25,tobaccostock,"Romeo Y Julieta 1875 Cigarros Bully, box of 15",https://www.tobaccostock.com/products/romeo-y-julieta-1875-cigarros-bully,Romeo Y Julieta,Default Title,95.99,,False,"brand=100.0, line=100.0"
MEDIUM,60,ARTUROFUENTE|ARTUROFUENTE|DONCARLOS|PRESIDENTE|PRESIDENTE|6.5x50|CAM|BOX25,Arturo Fuente,Don Carlos,Presidente,Cameroon,25,tobaccostock,Arturo Fuente Canones Maduro Cigars Box of 20,https://www.tobaccostock.com/products/arturo-fuente-canones-maduro-cigars-box-of-20,Arturo Fuente,Default Title,143.30,,False,"brand=100.0, line~=60.0, vitola_tag=90.0"
MEDIUM,60,ASHTON|ASHTON|VSG|TRESMYSTIQUE|TRESMYSTIQUE|5.625x50|ECU|BOX37,Ashton,VSG,Tres Mystique,Ecuadorian Sun Grown,37,tobaccostock,Ashton VSG Virgin Sun Grown Corona Gordo Cigars Box of 24,https://www.tobaccostock.com/products/ashton-vsg-virgin-sun-grown-corona-gordo-cigars-box-of-24,Ashton Virgin Sun Grown,Default Title,196.09,,False,"brand=100.0, line=100.0"
MEDIUM,60,MONTECRISTO|MONTECRISTO|PLATINUM|NO.3|NO.3|5.5x44|MEX|BOX27,Montecristo,Platinum,No. 3,Mexican San Andres,27,tobaccostock,Montecristo Platinum Series Robusto Premium Cigars Box of 27,https://www.tobaccostock.com/products/montecristo-platinum-series-robusto-50-5-premium-cigars-box-of-27,Montecristo Platinum,Default Title,192.95,,True,"brand=100.0, line=100.0"
MEDIUM,60,MONTECRISTO|MONTECRISTO|MONTEBYMONTECRISTO|CONDE|CONDE|6x54|ECU|BOX15,Montecristo,Monte by Montecristo,Conde,Ecuadorian Connecticut,15,tobaccostock,Montecristo Robusto Cigars Box of 25,https://www.tobaccostock.com/products/montecristo-robusto-cigars-box-of-25,Montecristo Classic,Default Title,308.35,,False,"brand=100.0, line~=70.96774193548387, vitola_tag=80.0"
MEDIUM,60,MONTECRISTO|MONTECRISTO|WHITE|ROTHSCHILDE|ROTHSCHILDE|4.5x50|ECU|BOX27,Montecristo,White,Rothschilde,Ecuadorian Connecticut,27,tobaccostock,Montecristo White Series Rothchilde Premium Cigars Box of 27,https://www.tobaccostock.com/products/montecristo-white-series-rothchilde-52-5-premium-cigars-box-of-27,Montecristo White,Default Title,225.85,,True,"brand=100.0, line=100.0, vitola_tag=90.9090909090909, extra_words_penalty=-15 (rothchilde series)"
MEDIUM,60,ROMEOYJULIETA|ROMEOYJULIETA|1875|CORONA|CORONA|5.5x44|IND|BOX25,Romeo y Julieta,1875,Corona,Indonesian Shade Grown TBN,25,tobaccostock,Romeo Y Julieta 1875 Petite Bully Cigars 5 Tins of 6,https://www.tobaccostock.com/products/romeo-y-julieta-1875-petite-bully-cigars-5-packs-of-6,Romeo Y Julieta,Default Title,63.65,,True,"brand=100.0, line=100.0, vitola_tag=100.0, extra_words_penalty=-15 (bully petite)"
MEDIUM,60,ROMEOYJULIETA|ROMEOYJULIETA|RESERVAREAL|PEQUENOS|PEQUENOS|4.5x38|ECU|BOX25,Romeo y Julieta,Reserva Real,Pequenos,Ecuador Connecticut,25,tobaccostock,Romeo Y Julieta Reserva Real No. 2 Torpedo Natural Cigars Box of 25,https://www.tobaccostock.com/products/romeo-y-julieta-reserva-real-no-2-cigars-box-of-25,Romeo Reserva Real,Default Title,159.25,,True,"brand=100.0, line=100.0"
MEDIUM,60,ROMEOYJULIETA|ROMEOYJULIETA|1875|CEDRONO.2|CEDRONO.2|5.5x44|IND|BOX25,Romeo y Julieta,1875,Cedro No. 2,Indonesian Shade Grown TBN,25,tobaccostock,Romeo Y Julieta 1875 Exhibicion 1 Cigars Box of 20,https://www.tobaccostock.com/products/romeo-y-julieta-1875-exhibicion-1-cigars-box-of-20,Romeo Y Julieta,Default Title,135.30,,True,"brand=100.0, line=100.0"
MEDIUM,60,ROMEOYJULIETA|ROMEOYJULIETA|1875|CEDRONO.3|CEDRONO.3|5.125x44|IND|BOX25,Romeo y Julieta,1875,Cedro No. 3,Indonesian Shade Grown TBN,25,tobaccostock,Romeo Y Julieta 1875 Number 2 Belicoso Cigars Box of 25,https://www.tobaccostock.com/products/romeo-y-julieta-1875-number-2-belicoso-cigars-box-of-25,Romeo Y Julieta,Default Title,189.00,,True,"brand=100.0, line=100.0"
MEDIUM,60,ROMEOYJULIETA|ROMEOYJULIETA|RESERVE(HABANARESERVE)|CHURCHILL|CHURCHILL|7x50|NIC|BOX25,Romeo y Julieta,Reserve (Habana Reserve),Churchill,Nicaraguan,25,tobaccostock,Romeo Y Julieta Reserve Habano Churchills Cigars Box of 27,https://www.tobaccostock.com/products/romeo-y-julieta-reserve-habano-churchills-cigars-box-of-27,Romeo Habano Reserve,Default Title,177.10,,False,"brand=100.0, line~=66.66666666666666, vitola_tag=100.0"
MEDIUM,60,ROMEOYJULIETA|ROMEOYJULIETA|RESERVE(HABANARESERVE)|CORONA|CORONA|5.5x44|NIC|BOX27,Romeo y Julieta,Reserve (Habana Reserve),Corona,Nicaraguan,27,tobaccostock,Romeo Y Julieta Reserve Habano Coronas Cigars Box of 27,https://www.tobaccostock.com/products/romeo-y-julieta-reserve-habano-coronas-cigars-box-of-27,Romeo Habano Reserve,Default Title,131.60,,True,"brand=100.0, line~=66.66666666666666, vitola_tag=100.0"
MEDIUM,60,ROMEOYJULIETA|ROMEOYJULIETA|RESERVE(HABANARESERVE)|ROBUSTO|ROBUSTO|5x50|NIC|BOX25,Romeo y Julieta,Reserve (Habana Reserve),Robusto,Nicaraguan,25,tobaccostock,Romeo Y Julieta Reserve Habano Robustos Cigars Box of 27,https://www.tobaccostock.com/products/romeo-y-julieta-reserve-habano-robustos-cigars-box-of-27,Romeo Habano Reserve,Default Title,149.29,,True,"brand=100.0, line~=66.66666666666666, vitola_tag=100.0"
MEDIUM,60,ALECBRADLEY|ALECBRADLEY|BLACKMARKET|TORO|TORO|6x52|NIC|BOX22,Alec Bradley,Black Market,Toro,Nicaraguan,22,tobaccostock,Alec Bradley Black Market Filthy Hooligan Cigars Box of 24,https://www.tobaccostock.com/products/alec-bradley-black-market-filthy-hooligan-cigars-box-of-22,Alec Bradley,Default Title,189.99,,False,"brand=100.0, line=100.0, vitola_tag=100.0, extra_words_penalty=-15 (filthy hooligan)"
MEDIUM,60,ALECBRADLEY|ALECBRADLEY|BLACKMARKET|PUNK|PUNK|4x54|NIC|BOX22,Alec Bradley,Black Market,Punk,Nicaraguan,22,tobaccostock,Alec Bradley Black Market Torpedo Cigars Box of 24,https://www.tobaccostock.com/products/alec-bradley-black-market-torpedo-cigars-box-of-22,Alec Bradley,Default Title,149.99,,False,"brand=100.0, line=100.0"
MEDIUM,60,ALECBRADLEY|ALECBRADLEY|MAXX|THEFIXX|THEFIXX|5.5x50|NIC|BOX20,Alec Bradley,Maxx,The Fixx,Nicaraguan Habano,20,tobaccostock,Alec Bradley MAXX The Fix Cigars Box of 20,https://www.tobaccostock.com/products/alec-bradley-maxx-the-fix-cigars-box-of-20,Alec Bradley,Default Title,86.69,,False,"brand=100.0, line=100.0"
MEDIUM,60,ALECBRADLEY|ALECBRADLEY|PRENSADO|ROBUSTO|ROBUSTO|5x50|HON|BOX20,Alec Bradley,Prensado,Robusto,Honduran Corojo,20,tobaccostock,Alec Bradley Prensado Double T Box of 20 Cigars,https://www.tobaccostock.com/products/alec-bradley-prensado-double-t-box-of-20-cigars,Alec Bradley,Default Title,169.59,,False,"brand=100.0, line=100.0"
MEDIUM,60,CAO|CAO|BRAZILIA|CARIOCAS|CARIOCAS|4x38|BRA|BOX20,CAO,Brazilia,Cariocas,Brazilian Maduro,20,tobaccostock,CAO Brazilia Box Press Cigars Box of 20,https://www.tobaccostock.com/products/cao-brazilia-box-press-cigars-box-of-20,CAO,Default Title,129.50,,True,"brand=100.0, line=100.0"
MEDIUM,60,CAO|CAO|ITALIA|NOVELLA|NOVELLA|4x43|ITA|BOX20,CAO,Italia,Novella,Italian Habano,20,tobaccostock,CAO Italia Positano Cigars Box of 20,https://www.tobaccostock.com/products/cao-italia-positano-cigars-box-of-20,CAO,Default Title,108.59,,False,"brand=100.0, line=100.0"
MEDIUM,60,ROCKYPATEL|ROCKYPATEL|SUNGROWN|ROBUSTO|ROBUSTO|5x50|ECU|BOX20,Rocky Patel,Sun Grown,Robusto,Ecuadorian Sumatra,20,tobaccostock,Rocky Patel Sun Grown Petit Corona Cigars Box of 20,https://www.tobaccostock.com/products/rocky-patel-sun-grown-petit-corona-cigars-box-of-20,Rocky Patel,Default Title,112.00,,True,"brand=100.0, line=100.0"
MEDIUM,60,ROCKYPATEL|ROCKYPATEL|THEEDGECOROJO|ROBUSTO|ROBUSTO|5x50|HON|BOX20,Rocky Patel,The Edge Corojo,Robusto,Honduran Corojo,20,tobaccostock,Rocky Patel The Edge Double Corona Corojo Cigars Box of 20,https://www.tobaccostock.com/products/rocky-patel-the-edge-double-corona-corojo-cigars-box-of-20,Rocky Patel,Default Title,150.50,,False,"brand=100.0, line=100.0"
MEDIUM,60,ROCKYPATEL|ROCKYPATEL|THEEDGEMADURO|ROBUSTO|ROBUSTO|5.5x50|COS|BOX20,Rocky Patel,The Edge Maduro,Robusto,Costa Rican Maduro,20,tobaccostock,Rocky Patel The Edge Double Corona Maduro Cigars Box of 20,https://www.tobaccostock.com/products/rocky-patel-the-edge-double-corona-maduro-cigars-box-of-20,Rocky Patel,Default Title,150.50,,False,"brand=100.0, line=100.0"
MEDIUM,60,ALECBRADLEY|ALECBRADLEY|AMERICANCLASSICBLEND|ROBUSTO|ROBUSTO|5x50|ECU|BOX20,Alec Bradley,American Classic Blend,Robusto,Ecuadorian Connecticut,20,tobaccostock,Alec Bradley American Classic Churchill Cigars Box of 20,https://www.tobaccostock.com/products/alec-bradley-american-classic-churchill-cigars-box-of-20,Alec Bradley,Default Title,76.70,,False,"brand=100.0, line=84.21052631578948"
MEDIUM,60,ALECBRADLEY|ALECBRADLEY|AMERICANCLASSICBLEND|TORO|TORO|6x52|ECU|BOX20,Alec Bradley,American Classic Blend,Toro,Ecuadorian Connecticut,20,tobaccostock,Alec Bradley American Classic Corona Cigars Box of 20,https://www.tobaccostock.com/products/alec-bradley-american-classic-corona-cigars-box-of-20,Alec Bradley,Default Title,58.99,,False,"brand=100.0, line=84.21052631578948"
MEDIUM,60,ALECBRADLEY|ALECBRADLEY|AMERICANSUNGROWN|ROBUSTO|ROBUSTO|5x50|ECU|BOX20,Alec Bradley,American Sun Grown,Robusto,Ecuadorian Sumatra,20,tobaccostock,Alec Bradley American Sun Grown Churchill Cigars Box of 20,https://www.tobaccostock.com/products/alec-bradley-american-sun-grown-churchill-cigars-box-of-20,Alec Bradley Sun Grown,Default Title,73.99,,False,"brand=100.0, line=100.0"
MEDIUM,60,ALECBRADLEY|ALECBRADLEY|AMERICANSUNGROWN|BLENDNO.1|BLENDNO.1|5.625x46|ECU|BOX20,Alec Bradley,American Sun Grown,Blend No. 1,Ecuadorian Sumatra,20,tobaccostock,Alec Bradley American Sun Grown Torpedo Cigars Box of 20,https://www.tobaccostock.com/products/alec-bradley-american-sun-grown-torpedo-cigars-box-of-20,Alec Bradley Sun Grown,Default Title,73.99,,False,"brand=100.0, line=100.0"
MEDIUM,60,MYFATHER|MYFATHER|JAIMEGARCIARESERVAESPECIAL|PETITROBUSTO|PETITROBUSTO|4.5x50|NIC|BOX20,My Father,Jaime Garcia Reserva Especial,Petit Robusto,Nicaraguan Habano,20,tobaccostock,My Father Jaime Garcia Reserva Toro Gordo Cigars Box of 20,https://www.tobaccostock.com/products/my-father-jaime-garcia-reserva-toro-gordo-cigars-box-of-20,My Father,Default Title,117.29,,False,"brand=100.0, line=81.63265306122449"
MEDIUM,60,OLIVA|OLIVA|SERIEO|DOUBLETORO|DOUBLETORO|6x60|NIC|BOX20,Oliva,Serie O,Double Toro,Nicaraguan Habano,20,tobaccostock,Oliva Serie O Toro Cigars Box of 20,https://www.tobaccostock.com/products/oliva-serie-o-toro-cigars-box-of-20,Oliva O,Default Title,116.50,,True,"brand=100.0, line=100.0"
MEDIUM,60,OLIVA|OLIVA|SERIEV|SPECIALV|SPECIALV|4x56|ECU|BOX24,Oliva,Serie V,Special V,Ecuadorian Habano,24,tobaccostock,Oliva Serie O Torpedo Cigars Box of 20,https://www.tobaccostock.com/products/oliva-serie-o-torpedo-cigars-box-of-20,Oliva O,Default Title,123.75,,True,"brand=100.0, line=83.33333333333333"
MEDIUM,60,OLIVA|OLIVA|SERIEV|LANCERO|LANCERO|7x38|ECU|BOX20,Oliva,Serie V,Lancero,Ecuadorian Habano,20,tobaccostock,Oliva Serie O Toro Tubos Cigars Box of 10,https://www.tobaccostock.com/products/oliva-serie-o-toro-tubos-cigars-box-of-10,Oliva O,Default Title,63.99,,True,"brand=100.0, line=83.33333333333333"
MEDIUM,60,PERDOMO|PERDOMO|RESERVE10THANNIVERSARYCHAMPAGNE|ROBUSTO|ROBUSTO|5x54|ECU|BOX25,Perdomo,Reserve 10th Anniversary Champagne,Robusto,Ecuadorian Connecticut,25,tobaccostock,Perdomo 10th Anniversary Magnum Tubo Champagne Cigars Box of 12,https://www.tobaccostock.com/products/perdomo-10th-anniversary-magnum-tubo-champagne-cigars-box-of-12,Perdomo,Default Title,84.25,,False,"brand=100.0, line=86.66666666666667"
MEDIUM,60,PERDOMO|PERDOMO|CHAMPAGNENOIR|CHURCHILL|CHURCHILL|7x54|CT|BOX25,Perdomo,Champagne Noir,Churchill,Connecticut Broadleaf,25,tobaccostock,Perdomo Noir Torpedo Champagne Cigars Box of 25,https://www.tobaccostock.com/products/perdomo-noir-torpedo-champagne-cigars-box-of-25,Perdomo,Default Title,168.99,,False,"brand=100.0, line=100.0"
MEDIUM,60,OLIVA|OLIVA|SERIEG|PETITCORONA|PETITCORONA|4.5x40|CAM|BOX5,Oliva,Serie G,Petit Corona,Cameroon,5,tobaccostock,Oliva Serie G Aged Cameroon Churchill Maduro Cigars Box of 24,https://www.tobaccostock.com/products/oliva-serie-g-aged-cameroon-churchill-maduro-cigars-box-of-24,Oliva G,Default Title,129.25,,True,"brand=100.0, line=100.0"
MEDIUM,60,DREWESTATE|DREWESTATE|UNDERCROWN10|ROBUSTO|ROBUSTO|5x54|SAN|BOX25,Drew Estate,Undercrown 10,Robusto,San Andres,25,tobaccostock,Liga Undercrown Sungrown Corona Double Cigars Box of 25,https://www.tobaccostock.com/products/liga-undercrown-sungrown-corona-double-cigars-box-of-25,Liga Privada Undercrown,Default Title,177.75,,False,"brand=100.0, line=86.95652173913044"
MEDIUM,60,ROCKYPATEL|ROCKYPATEL|THEEDGECONNECTICUT|ROBUSTO|ROBUSTO|5x50|CT|BOX20,Rocky Patel,The Edge Connecticut,Robusto,Connecticut Shade,20,tobaccostock,Rocky Patel The Edge Double Corona Connecticut Cigars Box of 20,https://www.tobaccostock.com/products/rocky-patel-the-edge-double-corona-connecticut-cigars-box-of-20,Rocky Patel,Default Title,150.50,,False,"brand=100.0, line=100.0"
MEDIUM,55,OLIVA|OLIVA|SERIEO|ROBUSTO|ROBUSTO|5x50|NIC|BOX20,Oliva,Serie O,Robusto,Nicaraguan Habano,20,tobaccostock,La Gloria Cubana Serie S Robusto Gordo Cigars Box of 24,https://www.tobaccostock.com/products/la-gloria-cubana-serie-s-robusto-gordo-cigars-box-of-24,La Gloria Cubana,Default Title,132.99,,False,"brand~=60.0, line=83.33333333333333, vitola=100.0, extra_words_penalty=-15 (cubana gloria)"
MEDIUM,55,CAO|CAO|CAMEROON|TORO|TORO|6x50|CAM|BOX20,CAO,Cameroon,Toro,Cameroon,20,tobaccostock,La Aurora 1903 Cameroon Gran Toro Cigars Box of 20,https://www.tobaccostock.com/products/la-aurora-1903-cameroon-gran-toro-cigars-box-of-20,La Aurora,Default Title,86.99,,False,"brand~=66.66666666666667, line=100.0, vitola=100.0, extra_words_penalty=-15 (aurora gran)"
MEDIUM,55,ASHTON|ASHTON|CONNECTICUTRESERVE|CHURCHILL|CHURCHILL|7x50|CT|BOX20,Ashton,Connecticut Reserve,Churchill,Connecticut Shade,20,tobaccostock,La Aurora 1987 Connecticut Churchill Cigars Box of 20,https://www.tobaccostock.com/products/la-aurora-1903-connecticut-churchill-cigars-box-of-20,La Aurora,Default Title,82.99,,False,"brand~=50.0, line~=73.33333333333333, vitola=100.0"
MEDIUM,55,DREWESTATE|DREWESTATE|DEADWOODSWEETJANE|FATBOTTOMBETTY|FATBOTTOMBETTY|5x54|MAD|BOX24,Drew Estate,Deadwood Sweet Jane,Fat Bottom Betty,Maduro,24,tobaccostock,"Deadwood Fat Bottom Betty Toro, Box of 10",https://www.tobaccostock.com/products/deadwood-fat-bottom-betty-toro-box-of-10,Deadwood,Default Title,64.25,,True,"brand~=54.54545454545454, line~=68.75, vitola=100.0"
MEDIUM,55,DREWESTATE|DREWESTATE|DEADWOODSWEETJANE|FATBOTTOMBETTY|FATBOTTOMBETTY|5x54|MAD|BOX5,Drew Estate,Deadwood Sweet Jane,Fat Bottom Betty,Maduro,5,tobaccostock,"Deadwood Fat Bottom Betty Robusto, Box of 10",https://www.tobaccostock.com/products/deadwood-fat-bottom-betty-robusto-box-of-10,Deadwood,Default Title,62.00,,True,"brand~=54.54545454545454, line~=68.75, vitola=100.0"
MEDIUM,55,DREWESTATE|DREWESTATE|DEADWOODSWEETJANE|FATBOTTOMBETTY|FATBOTTOMBETTY|5x54|MAD|BOX10,Drew Estate,Deadwood Sweet Jane,Fat Bottom Betty,Maduro,10,tobaccostock,"Deadwood Fat Bottom Betty Gordito, Box of 10",https://www.tobaccostock.com/products/deadwood-fat-bottom-betty-gordito-box-of-10,Deadwood,Default Title,89.99,,True,"brand~=54.54545454545454, line~=68.75, vitola=100.0"
MEDIUM,55,THEWISEMAN|THEWISEMAN|MADURO|TORO|TORO|6x52|MEX|BOX21,The Wise Man,Maduro,Toro,Mexican San Andres,21,tobaccostock,Brick House Toro Maduro Cigars Box of 25,https://www.tobaccostock.com/products/brick-house-toro-maduro-cigars-box-of-25,Brick House,Default Title,149.99,,False,"brand~=50.0, line=100.0, vitola=100.0, extra_words_penalty=-15 (brick house)"
MEDIUM,55,MONTECRISTO|MONTECRISTO|NICARAGUA|TORO|TORO|6x52|NIC|BOX20,Montecristo,Nicaragua,Toro,Nicaraguan Habano,20,tobaccostock,Joya De Nicaragua Joya Red Toro Cigars Box of 20,https://www.tobaccostock.com/products/joya-de-nicaragua-joya-black-toro-cigars-box-of-20-6-x-52,Joya De Nicaragua,Default Title,95.50,,False,"brand~=54.54545454545454, line=100.0, vitola=100.0, extra_words_penalty=-15 (joya red)"
MEDIUM,55,ARTUROFUENTE|ARTUROFUENTE|CHATEAUFUENTE|CHATEAUFUENTE|CHATEAUFUENTE|4.5x50|SUN|BOX20,Arturo Fuente,Chateau Fuente,Chateau Fuente,Sun Grown,20,tobaccostock,Arturo Fuente Cubanitos Cigars Box of 100,https://www.tobaccostock.com/products/arturo-fuente-cubanitos-cigars-box-of-100,Arturo Fuente,Default Title,236.99,,True,"brand=100.0, line~=60.0, vitola~=60.0"
MEDIUM,55,ARTUROFUENTE|ARTUROFUENTE|CHATEAUFUENTE|CHATEAUFUENTE|CHATEAUFUENTE|4.5x50|MAD|BOX4,Arturo Fuente,Chateau Fuente,Chateau Fuente,Maduro,4,tobaccostock,Arturo Fuente Exquisitos Maduro Cigars Box of 50,https://www.tobaccostock.com/products/arturo-fuente-exquisitos-maduro-cigars-box-of-50,Arturo Fuente,Default Title,135.29,,False,"brand=100.0, line~=60.0, vitola~=60.0"
MEDIUM,55,ARTUROFUENTE|ARTUROFUENTE|CHATEAUFUENTE|CHATEAUFUENTE|CHATEAUFUENTE|4.5x50|CT|BOX32,Arturo Fuente,Chateau Fuente,Chateau Fuente,Connecticut Shade,32,tobaccostock,Arturo Fuente Exquisitos Natural Cigars Box of 50,https://www.tobaccostock.com/products/arturo-fuente-exquisitos-natural-cigars-box-of-50,Arturo Fuente,Default Title,135.29,,False,"brand=100.0, line~=60.0, vitola~=60.0"
MEDIUM,55,ARTUROFUENTE|ARTUROFUENTE|CHATEAUFUENTE|CHATEAUFUENTE|CHATEAUFUENTE|4.5x50|MAD|BOX29,Arturo Fuente,Chateau Fuente,Chateau Fuente,Maduro,29,tobaccostock,Arturo Fuente Rothchilds Maduro Cigars Box of 25,https://www.tobaccostock.com/products/arturo-fuente-rothchilds-maduro-cigars-box-of-25,Arturo Fuente,Default Title,178.35,,False,"brand=100.0, line~=60.0, vitola~=60.0"
MEDIUM,55,ARTUROFUENTE|ARTUROFUENTE|CHATEAUFUENTE|CHATEAUFUENTE|CHATEAUFUENTE|4.5x50|MAD|BOX32,Arturo Fuente,Chateau Fuente,Chateau Fuente,Maduro,32,tobaccostock,Arturo Fuente Rothchilds Natural Cigars Box of 25,https://www.tobaccostock.com/products/arturo-fuente-rothchilds-natural-cigars-box-of-25,Arturo Fuente,Default Title,178.35,,False,"brand=100.0, line~=60.0, vitola~=60.0"
MEDIUM,55,ARTUROFUENTE|ARTUROFUENTE|CHATEAUFUENTE|CHATEAUFUENTE|CHATEAUFUENTE|4.5x50|SUN|BOX3,Arturo Fuente,Chateau Fuente,Chateau Fuente,Sun Grown,3,tobaccostock,Arturo Fuente Canones Natural Cigars Box of 20,https://www.tobaccostock.com/products/arturo-fuente-canones-natural-cigars-box-of-20,Arturo Fuente,Default Title,143.30,,False,"brand=100.0, line~=60.0, vitola~=60.0"
MEDIUM,55,ARTUROFUENTE|ARTUROFUENTE|CHATEAUFUENTE|CHATEAUFUENTE|CHATEAUFUENTE|4.5x50|SUN|BOX18,Arturo Fuente,Chateau Fuente,Chateau Fuente,Sun Grown,18,tobaccostock,Arturo Fuente Churchill Maduro Cigars Box of 25,https://www.tobaccostock.com/products/arturo-fuente-churchill-maduro-cigars-box-of-25,Arturo Fuente,Default Title,215.50,,True,"brand=100.0, line~=60.0, vitola~=60.0"
MEDIUM,55,ARTUROFUENTE|ARTUROFUENTE|CHATEAUFUENTE|CHATEAUFUENTE|CHATEAUFUENTE|4.5x50|SUN|BOX29,Arturo Fuente,Chateau Fuente,Chateau Fuente,Sun Grown,29,tobaccostock,Arturo Fuente Churchill Natural Cigars Box of 25,https://www.tobaccostock.com/products/arturo-fuente-churchill-natural-cigars-box-of-25,Arturo Fuente,Default Title,215.50,,False,"brand=100.0, line~=60.0, vitola~=60.0"
MEDIUM,55,ASHTON|ASHTON|CABINETSERIES|NO.6TUBO|NO.6TUBO|6.5x48|CT|BOX10,Ashton,Cabinet Series,No. 6 Tubo,Connecticut Shade,10,tobaccostock,Ashton Cabinet No. 6 Cigars Box of 25,https://www.tobaccostock.com/products/ashton-cabinet-no-6-cigars-box-of-25,Ashton,Default Title,243.51,,False,"brand=100.0, line~=66.66666666666666, vitola~=66.66666666666666"
MEDIUM,55,PERDOMO|PERDOMO|LOT23NATURAL|TORO|TORO|6x54|NIC|BOX24,Perdomo,Lot 23 Natural,Toro,Nicaraguan Sun Grown,24,tobaccostock,Brioso Toro Natural Cigars Pack of 20,https://www.tobaccostock.com/products/brioso-toro-natural-cigars-pack-of-20,Brioso,Default Title,86.50,,True,"brand~=57.14285714285714, line~=66.66666666666666, vitola=100.0"
MEDIUM,55,ALECBRADLEY|ALECBRADLEY|OCCIDENTALRESERVE|CHURCHILL|CHURCHILL|7x50|NIC|BOX20,Alec Bradley,Occidental Reserve,Churchill,Nicaraguan Habano,20,tobaccostock,Onyx Reserve Churchill Cigars Box of 20,https://www.tobaccostock.com/products/onyx-reserve-churchill-cigars-box-of-20,Onyx Reserve,Default Title,126.99,,False,"brand~=58.33333333333333, line~=66.66666666666667, vitola=100.0"
MEDIUM,55,ALECBRADLEY|ALECBRADLEY|OCCIDENTALRESERVE|ROBUSTO|ROBUSTO|5x50|NIC|BOX20,Alec Bradley,Occidental Reserve,Robusto,Nicaraguan Habano,20,tobaccostock,Onyx Reserve Robusto Cigars Box of 20,https://www.tobaccostock.com/products/onyx-reserve-robusto-cigars-box-of-20,Onyx Reserve,Default Title,105.39,,False,"brand~=58.33333333333333, line~=66.66666666666667, vitola=100.0"
MEDIUM,55,ALECBRADLEY|ALECBRADLEY|OCCIDENTALRESERVE|TORO|TORO|6x52|NIC|BOX20,Alec Bradley,Occidental Reserve,Toro,Nicaraguan Habano,20,tobaccostock,Onyx Reserve Toro Cigars Box of 20,https://www.tobaccostock.com/products/onyx-reserve-toro-cigars-box-of-20,Onyx Reserve,Default Title,112.69,,False,"brand~=58.33333333333333, line~=66.66666666666667, vitola=100.0"
MEDIUM,55,MONTECRISTO|MONTECRISTO|NICARAGUA|NO.2|NO.2|6x52|NIC|BOX20,Montecristo,Nicaragua,No. 2,Nicaraguan Habano,20,tobaccostock,Partagas No. 2 Cigars Box of 25,https://www.tobaccostock.com/products/partagas-no-2-cigars-box-of-25,Partagas,Default Title,132.99,,False,"brand~=54.54545454545454, line~=62.5, vitola=100.0"
MEDIUM,55,ASHTON|ASHTON|CLASSIC|CORONA|CORONA|5.5x44|CT|BOX25,Ashton,Classic,Corona,Connecticut Shade,25,tobaccostock,Tatiana Classic Cherry Corona Cigars Box of 25,https://www.tobaccostock.com/products/tatiana-classic-cherry-cigars-box-of-25,Tatiana,Default Title,71.65,,True,"brand~=50.0, line=100.0, vitola=100.0, extra_words_penalty=-15 (cherry tatiana)"
MEDIUM,55,ASHTON|ASHTON|CLASSIC|CORONA|CORONA|5.5x44|CT|BOX6,Ashton,Classic,Corona,Connecticut Shade,6,tobaccostock,Tatiana Classic Chocolate Corona Cigars Box of 25,https://www.tobaccostock.com/products/tatiana-classic-chocolate-cigars-box-of-25,Tatiana,Default Title,71.65,,True,"brand~=50.0, line=100.0, vitola=100.0, extra_words_penalty=-15 (chocolate tatiana)"
MEDIUM,55,ASHTON|ASHTON|CLASSIC|CORONA|CORONA|5.5x44|CT|BOX7,Ashton,Classic,Corona,Connecticut Shade,7,tobaccostock,Tatiana Classic Cognac Corona Cigars Box of 25,https://www.tobaccostock.com/products/tatiana-classic-cognac-cigars-box-of-25,Tatiana,Default Title,71.65,,True,"brand~=50.0, line=100.0, vitola=100.0, extra_words_penalty=-15 (cognac tatiana)"
MEDIUM,55,ASHTON|ASHTON|CLASSIC|CORONA|CORONA|5.5x44|CT|BOX2,Ashton,Classic,Corona,Connecticut Shade,2,tobaccostock,Tatiana Classic Honey Corona Cigars Box of 25,https://www.tobaccostock.com/products/tatiana-classic-honey-cigars-box-of-25,Tatiana,Default Title,71.65,,True,"brand~=50.0, line=100.0, vitola=100.0, extra_words_penalty=-15 (honey tatiana)"
MEDIUM,55,ASHTON|ASHTON|CLASSIC|CORONA|CORONA|5.5x44|CT|BOX4,Ashton,Classic,Corona,Connecticut Shade,4,tobaccostock,Tatiana Classic Rum Corona Cigars Box of 25,https://www.tobaccostock.com/products/tatiana-classic-rum-cigars-box-of-25,Tatiana,Default Title,71.65,,True,"brand~=50.0, line=100.0, vitola=100.0, extra_words_penalty=-15 (rum tatiana)"
MEDIUM,55,ASHTON|ASHTON|CLASSIC|CORONA|CORONA|5.5x44|CT|BOX5,Ashton,Classic,Corona,Connecticut Shade,5,tobaccostock,Tatiana Classic Vanilla Corona Cigars Box of 25,https://www.tobaccostock.com/products/tatiana-classic-vanilla-cigars-box-of-25,Tatiana,Default Title,71.65,,True,"brand~=50.0, line=100.0, vitola=100.0, extra_words_penalty=-15 (tatiana vanilla)"
MEDIUM,55,ASHTON|ASHTON|CONNECTICUTRESERVE|TORO|TORO|6x52|CT|BOX20,Ashton,Connecticut Reserve,Toro,Connecticut Shade,20,tobaccostock,Camacho Connecticut Toro Cigars Box of 20,https://www.tobaccostock.com/products/camacho-connecticut-toro-cigars-box-of-20,Camacho,Default Title,110.48,,False,"brand~=50.0, line~=73.33333333333333, vitola=100.0"
MEDIUM,55,ARTUROFUENTE|ARTUROFUENTE|DONCARLOS|PRESIDENTE|PRESIDENTE|6.5x50|CAM|BOX15,Arturo Fuente,Don Carlos,Presidente,Cameroon,15,tobaccostock,Don Tomas Maduro Presidente Cigars Box of 25,https://www.tobaccostock.com/products/don-tomas-maduro-presidente-cigars-box-of-25,Don Tomas,Default Title,152.75,,False,"brand~=53.84615384615385, line~=63.1578947368421, vitola=100.0"
MEDIUM,55,PERDOMO|PERDOMO|HABANOMADURO|EPICURE|EPICURE|5.5x56|NIC|BOX24,Perdomo,Habano Maduro,Epicure,Nicaraguan Maduro,24,tobaccostock,Excalibur Epicure Maduro Cigars Box of 20,https://www.tobaccostock.com/products/excalibur-epicure-maduro-cigars-box-of-20,Excalibur,Default Title,104.29,,False,"brand~=57.14285714285714, line~=63.1578947368421, vitola=100.0"
MEDIUM,55,THEWISEMAN|THEWISEMAN|MADURO|ROBUSTO|ROBUSTO|5x52|MEX|BOX21,The Wise Man,Maduro,Robusto,Mexican San Andres,21,tobaccostock,Brick House Robusto Maduro Cigars Box of 25,https://www.tobaccostock.com/products/brick-house-robusto-maduro-cigars-box-of-25,Brick House,Default Title,144.99,,False,"brand~=50.0, line=100.0, vitola=100.0, extra_words_penalty=-15 (brick house)"
MEDIUM,55,ROCKYPATEL|ROCKYPATEL|THEEDGECONNECTICUT|TORPEDO|TORPEDO|6.125x52|CT|BOX20,Rocky Patel,The Edge Connecticut,Torpedo,Connecticut Shade,20,tobaccostock,Cuban Rejects Torpedo Connecticut Cigars Box of 50,https://www.tobaccostock.com/products/cuban-rejects-torpedo-connecticut-cigars-box-of-50,Cuban Rejects,Default Title,89.70,,False,"brand=100.0, line~=70.96774193548387, vitola=100.0, extra_words_penalty=-15 (cuban rejects)"
MEDIUM,55,ROCKYPATEL|ROCKYPATEL|THEEDGEMADURO|TORPEDO|TORPEDO|6.125x52|COS|BOX40,Rocky Patel,The Edge Maduro,Torpedo,Costa Rican Maduro,40,tobaccostock,Cuban Rejects Torpedo Maduro Cigars Box of 50,https://www.tobaccostock.com/products/cuban-rejects-torpedo-maduro-cigars-box-of-50,Cuban Rejects,Default Title,96.90,,False,"brand=100.0, line~=66.66666666666667, vitola=100.0, extra_words_penalty=-15 (cuban rejects)"
MEDIUM,55,ROCKYPATEL|ROCKYPATEL|SUNGROWN|TORPEDO|TORPEDO|6.5x52|ECU|BOX30,Rocky Patel,Sun Grown,Torpedo,Ecuadorian Sumatra,30,tobaccostock,Cuban Rounds Torpedo Claro (Connecticut) Cigars Box of 40,https://www.tobaccostock.com/products/cuban-rounds-torpedo-claro-cigars-box-of-40,Cuban Rounds,Default Title,87.15,,False,"brand=100.0, line~=66.66666666666667, vitola=100.0, extra_words_penalty=-15 (cuban rounds)"
MEDIUM,55,ROCKYPATEL|ROCKYPATEL|SUNGROWN|TORPEDO|TORPEDO|6.5x52|ECU|BOX24,Rocky Patel,Sun Grown,Torpedo,Ecuadorian Sumatra,24,tobaccostock,Cuban Rounds Torpedo Maduro Cigars Box of 40,https://www.tobaccostock.com/products/cuban-rounds-torpedo-maduro-cigars-box-of-40,Cuban Rounds,Default Title,87.15,,False,"brand=100.0, line~=66.66666666666667, vitola=100.0, extra_words_penalty=-15 (cuban rounds)"
MEDIUM,55,ROCKYPATEL|ROCKYPATEL|THEEDGEMADURO|TORPEDO|TORPEDO|6.125x52|COS|BOX25,Rocky Patel,The Edge Maduro,Torpedo,Costa Rican Maduro,25,tobaccostock,Cuban Rounds Torpedo Maduro Cigars Pack of 20,https://www.tobaccostock.com/products/cuban-rounds-torpedo-maduro-cigars-pack-of-20,Cuban Rounds,Default Title,38.00,,True,"brand=100.0, line~=66.66666666666667, vitola=100.0, extra_words_penalty=-15 (cuban rounds)"
MEDIUM,55,ROCKYPATEL|ROCKYPATEL|SUNGROWN|TORPEDO|TORPEDO|6.5x52|ECU|BOX25,Rocky Patel,Sun Grown,Torpedo,Ecuadorian Sumatra,25,tobaccostock,Cuban Rounds Torpedo Natural Cigars Box of 40,https://www.tobaccostock.com/products/cuban-rounds-torpedo-natural-cigars-box-of-40,Cuban Rounds,Default Title,87.15,,False,"brand=100.0, line~=66.66666666666667, vitola=100.0, extra_words_penalty=-15 (cuban rounds)"
MEDIUM,55,OLIVA|OLIVA|SERIEV|ROBUSTO|ROBUSTO|5x54|MEX|BOX24,Oliva,Serie V,Robusto,Mexican San Andres,24,tobaccostock,Oliva Serie V Liga Especial Double Robusto Tubos Cigars Box of 12,https://www.tobaccostock.com/products/oliva-serie-v-double-robusto-tubos-cigars-box-of-12,Oliva V,Default Title,98.50,,True,"brand=100.0, line=100.0, vitola=100.0, extra_words_penalty=-30 (especial liga tubos)"
MEDIUM,55,OLIVA|OLIVA|SERIEVMELANIO|TORO|TORO|6x52|MEX|BOX10,Oliva,Serie V Melanio,Toro,Mexican San Andres,10,tobaccostock,Oliva Serie G Aged Cameroon Toro Tubos Cigars Box of 10,https://www.tobaccostock.com/products/oliva-serie-g-toro-tubos-cigars-box-of-10,Oliva G,Default Title,56.25,,True,"brand=100.0, line~=60.0, vitola=100.0, extra_words_penalty=-15 (aged tubos)"
MEDIUM,55,MONTECRISTO|MONTECRISTO|CLASSIC|ROBUSTO|ROBUSTO|5x50|CT|BOX20,Montecristo,Classic,Robusto,Connecticut Shade,20,tobaccostock,Quorum Classic Short Robusto Cigars Bundle of 20,https://www.tobaccostock.com/products/quorum-short-robusto-cigars-pack-of-20,Quorum,Default Title,38.50,,True,"brand~=54.54545454545454, line=100.0, vitola=100.0, extra_words_penalty=-15 (bundle quorum)"
MEDIUM,55,ROCKYPATEL|ROCKYPATEL|THEEDGECONNECTICUT|TORPEDO|TORPEDO|6.125x52|CT|BOX21,Rocky Patel,The Edge Connecticut,Torpedo,Connecticut Shade,21,tobaccostock,Cuban Rounds Torpedo Connecticut Cigars Pack of 20,https://www.tobaccostock.com/products/cuban-rounds-torpedo-connecticut-cigars-pack-of-20,Cuban Rounds,Default Title,38.99,,False,"brand=100.0, line~=70.96774193548387, vitola=100.0, extra_words_penalty=-15 (cuban rounds)"
MEDIUM,55,ASHTON|ASHTON|CLASSIC|CHURCHILL|CHURCHILL|7.5x52|CT|BOX25,Ashton,Classic,Churchill,Connecticut Shade,25,tobaccostock,Partagas 1845 Clasico Churchill Cigars Box of 25,https://www.tobaccostock.com/products/partagas-1845-clasico-churchill-cigars-box-of-25,Partagas,Default Title,146.99,,False,"brand~=50.0, line=85.71428571428572, vitola=100.0, extra_words_penalty=-15 (clasico partagas)"
MEDIUM,55,MONTECRISTO|MONTECRISTO|CLASSIC|ROBUSTO|ROBUSTO|5x50|CT|BOX25,Montecristo,Classic,Robusto,Connecticut Shade,25,tobaccostock,Partagas 1845 Clasico Robusto Cigars Box of 25,https://www.tobaccostock.com/products/partagas-1845-clasico-robusto-cigars-box-of-25,Partagas,Default Title,132.99,,True,"brand~=57.14285714285714, line=85.71428571428572, vitola=100.0, extra_words_penalty=-15 (clasico partagas)"
