retailer,url,name,price,brand,line,vitola,wrapper,ring_gauge,length,availability,platform,tier,brand_source,scraped_at
Fox Cigar,https://foxcigar.com/shop/cigars/drew-estate/undercrown-maduro-flying-pig/,Undercrown Maduro Flying Pig,15.95,Drew Estate,,Unknown,Maduro,,,In Stock,WooCommerce,1,priority_variation,2025-10-26T20:03:39.458469
Fox Cigar,https://foxcigar.com/shop/cigars/davidoff/davidoff-primeros-nicaragua-maduro/,Davidoff Primeros Nicaragua Maduro Tin,33.99,Unknown,,Unknown,Maduro,,,Out of Stock,WooCommerce,1,none,2025-10-26T20:03:41.840190
Fox Cigar,https://foxcigar.com/shop/cigars/avo/avo-heritage-robusto/,AVO Heritage Robusto,10.9,Unknown,,Robusto,Unknown,,,Out of Stock,WooCommerce,1,none,2025-10-26T20:03:44.002470
Fox Cigar,https://foxcigar.com/shop/cigars/drew-estate/liga-privada-t52-coronets/,Liga Privada T52 Coronets,19.99,Drew Estate,,Unknown,Unknown,,,Out of Stock,WooCommerce,1,priority_variation,2025-10-26T20:03:46.517885
Fox Cigar,https://foxcigar.com/shop/cigars/arturo-fuente/god-of-fire-double-robusto/,God of Fire Double Robusto,29.25,Unknown,,Robusto,Unknown,,,Out of Stock,WooCommerce,1,none,2025-10-26T20:03:48.744916
Fox Cigar,https://foxcigar.com/shop/cigars/black-label-trading-co/deliverance-porcelain/black-label-trading-co-deliverance-porcelain-robusto/,Black Label Trading Co. Deliverance Porcelain Robusto,11.3,Unknown,,Robusto,Unknown,,,Out of Stock,WooCommerce,1,none,2025-10-26T20:03:51.398421
Fox Cigar,https://foxcigar.com/shop/cigars/avo/syncro-caribe-special-toro/,AVO Syncro Caribe Special Toro,15.1,Unknown,,Toro,Unknown,,,Out of Stock,WooCommerce,1,none,2025-10-26T20:03:54.134549
Fox Cigar,https://foxcigar.com/shop/cigars/tatuaje/tatuaje-20th-anniversary-grande-merveille/,Tatuaje 20th Anniversary Grande Merveille,13.0,Unknown,,Unknown,Unknown,,,In Stock,WooCommerce,1,none,2025-10-26T20:03:56.913848
Fox Cigar,https://foxcigar.com/shop/cigars/limited-release/arturo-fuente-don-carlos-eye-of-the-shark-5-count-box/,Arturo Fuente Don Carlos Eye Of The Shark 5 Count Box,129.99,Arturo Fuente,Don Carlos,Unknown,Unknown,,,Out of Stock,WooCommerce,1,master_combined,2025-10-26T20:04:00.171553
Fox Cigar,https://foxcigar.com/shop/cigars/saint-luis-rey/saint-luis-rey-carenas-robusto/,Saint Luis Rey Carenas Robusto,9.93,Unknown,,Robusto,Unknown,,,Out of Stock,WooCommerce,1,none,2025-10-26T20:04:02.131295
Fox Cigar,https://foxcigar.com/shop/cigars/my-father/my-father-la-duena-robusto-no-5/,My Father La Duena No. 5 Robusto,8.85,My Father,La Duena,Robusto,Unknown,,,In Stock,WooCommerce,1,master_combined,2025-10-26T20:04:04.538339
Fox Cigar,https://foxcigar.com/shop/accessories/lighters/st-dupont/slim-7-lighter-navy-blue/,S.T. Dupont Slim 7 Lighter Navy Blue – 027738,245.0,Unknown,,Unknown,Unknown,,,In Stock,WooCommerce,1,none,2025-10-26T20:04:07.819920
Fox Cigar,https://foxcigar.com/shop/cigars/gran-habano/5-corojo/gran-habano-corojo-5-imperiales/,Gran Habano Corojo #5 Imperiales,9.3,Unknown,,Unknown,Habano,,,Out of Stock,WooCommerce,1,none,2025-10-26T20:04:10.356656
Fox Cigar,https://foxcigar.com/shop/cigars/asylum/insidious-by-asylum-64-x-7/,Insidious By Asylum 64 x 7,9.26,Unknown,,Unknown,Unknown,,,In Stock,WooCommerce,1,none,2025-10-26T20:04:12.744525
Fox Cigar,https://foxcigar.com/shop/cigars/padron/padron-1964-anniversary-series-torpedo-maduro/,Padron 1964 Anniversary Series Torpedo Maduro,20.15,Padron,1964 Anniversary,Torpedo,Maduro,,,Out of Stock,WooCommerce,1,master_combined,2025-10-26T20:04:15.135164
Fox Cigar,https://foxcigar.com/shop/cigars/god-of-fire/god-of-fire-serie-aniversario-sampler/,God of Fire Serie Aniversario Sampler,158.0,Serie V,,Unknown,Unknown,,,In Stock,WooCommerce,1,fuzzy_priority,2025-10-26T20:04:17.465148
Fox Cigar,https://foxcigar.com/shop/cigars/henry-clay/henry-clay-rustic-cheroot/,Henry Clay Rustic Cheroot,3.85,Unknown,,Unknown,Unknown,,,Out of Stock,WooCommerce,1,none,2025-10-26T20:04:19.907154
Fox Cigar,https://foxcigar.com/shop/cigars/espinosa/guy-fieri-knuckle-sandwich-habano-robusto-j/,Guy Fieri’s Knuckle Sandwich Habano Robusto J,13.4,Unknown,,Robusto,Habano,,,Out of Stock,WooCommerce,1,none,2025-10-26T20:04:22.451131
Fox Cigar,https://foxcigar.com/shop/cigars/tatuaje/tatuaje-cojonu-2018-broadleaf/,Tatuaje Cojonu 2018 Broadleaf,13.5,Unknown,,Unknown,Unknown,,,In Stock,WooCommerce,1,none,2025-10-26T20:04:25.022896
Fox Cigar,https://foxcigar.com/shop/cigars/padron/padron-1926-40th-anniversary-chest-natural/,Padron 1926 40th Anniversary Chest Natural,2182.0,Padron,Damaso,Unknown,Natural,,,Out of Stock,WooCommerce,1,master_exact,2025-10-26T20:04:27.127164
Fox Cigar,https://foxcigar.com/shop/accessories/god-of-fire-never-back-down-retro-red-on-black-lighter/,God of Fire “Never Back Down” (Retro) Red on Black lighter,99.0,Unknown,,Unknown,Unknown,,,Out of Stock,WooCommerce,1,none,2025-10-26T20:04:29.377026
Fox Cigar,https://foxcigar.com/shop/cigars/cavalier-geneve/cavalier-inner-circle-robusto-grande/,Cavalier Inner Circle Robusto Grande,15.08,Unknown,,Robusto,Unknown,,,Out of Stock,WooCommerce,1,none,2025-10-26T20:04:31.842157
Fox Cigar,https://foxcigar.com/shop/cigars/cao/cao-bx3-gordo/,CAO BX3 Gordo,11.19,CAO,Nicaragua,Unknown,Unknown,,,Out of Stock,WooCommerce,1,master_exact,2025-10-26T20:04:34.165144
Fox Cigar,https://foxcigar.com/shop/accessories/lighters/s-t-dupont-bq-defi-extreme-fluo-vert/,S.T. Dupont BQ Defi Xtreme Fluo Vert – 021417,315.0,Unknown,,Unknown,Unknown,,,In Stock,WooCommerce,1,none,2025-10-26T20:04:36.438648
Fox Cigar,https://foxcigar.com/shop/cigars/drew-estate/acid/acid-kuba-deluxe/,Acid Kuba Deluxe,14.2,Drew Estate,,Unknown,Unknown,,,Out of Stock,WooCommerce,1,priority_variation,2025-10-26T20:04:38.793932
Fox Cigar,https://foxcigar.com/shop/cigars/ashton/la-aroma-de-cuba-mi-amor-robusto/,La Aroma de Cuba Mi Amor Robusto,8.75,La Aroma de Cuba,Mi Amor,Robusto,Unknown,,,Out of Stock,WooCommerce,1,master_combined,2025-10-26T20:04:41.541046
Fox Cigar,https://foxcigar.com/shop/cigars/sancho-panza/double-maduro-robusto/,Sancho Panza Double Maduro Robusto,8.29,Unknown,,Robusto,Maduro,,,Out of Stock,WooCommerce,1,none,2025-10-26T20:04:44.013578
Fox Cigar,https://foxcigar.com/shop/cigars/drew-estate/liga-privada-h99-toro/,Liga Privada H99 Toro,18.25,Drew Estate,,Toro,Unknown,,,Out of Stock,WooCommerce,1,priority_variation,2025-10-26T20:04:46.192477
Fox Cigar,https://foxcigar.com/shop/cigars/angelenos/angelenos-robusto/,Angelenos Robusto,13.25,Unknown,,Robusto,Unknown,,,Out of Stock,WooCommerce,1,none,2025-10-26T20:04:48.664611
Fox Cigar,https://foxcigar.com/shop/cigars/davidoff/zino-platinum-scepter-grand-master-tubos/,Zino Platinum Scepter Grand Master Tubos,20.5,Unknown,,Unknown,Unknown,,,Out of Stock,WooCommerce,1,none,2025-10-26T20:04:51.322978
Fox Cigar,https://foxcigar.com/shop/cigars/arturo-fuente/arturo-fuente-curly-head-claro/,Arturo Fuente Curly Head Claro,16.99,Arturo Fuente,Rare Pink,Unknown,Claro,,,Out of Stock,WooCommerce,1,master_exact,2025-10-26T20:04:53.627573
Fox Cigar,https://foxcigar.com/shop/cigars/romeo-y-julieta/romeo-y-julieta-1875-connecticut-nicaragua-magnum/,Romeo y Julieta 1875 Connecticut Nicaragua Magnum,12.04,Romeo y Julieta,1875 Connecticut Nicaragua,Unknown,Connecticut,,,Out of Stock,WooCommerce,1,master_combined,2025-10-26T20:04:56.155057
Fox Cigar,https://foxcigar.com/shop/cigars/black-label-trading-co/super-deluxe-petite-corona-bp/,Super Deluxe Petite Corona BP,11.0,Unknown,,Corona,Unknown,,,Out of Stock,WooCommerce,1,none,2025-10-26T20:04:59.049657
Fox Cigar,https://foxcigar.com/shop/cigars/asylum/asylum-13-cool-brew-robusto/,Asylum 13 Cool Brew Robusto,10.5,Unknown,,Robusto,Unknown,,,In Stock,WooCommerce,1,none,2025-10-26T20:05:01.811443
Fox Cigar,https://foxcigar.com/shop/cigars/bolivar/bolivar-cofradia-no-654/,Bolivar Cofradia No. 654,7.29,Oliva,Saison,Unknown,Unknown,,,Out of Stock,WooCommerce,1,master_exact,2025-10-26T20:05:03.945065
Fox Cigar,https://foxcigar.com/shop/cigars/arturo-fuente/opus-x/fuente-fuente-opusx-story-red-2024/,Fuente Fuente OpusX Story Red 2024,279.0,Arturo Fuente,,Unknown,Unknown,,,Out of Stock,WooCommerce,1,priority_variation,2025-10-26T20:05:06.523932
Fox Cigar,https://foxcigar.com/shop/cigars/drew-estate/kentucky-fire-cured-flying-pig/,Kentucky Fire Cured Flying Pig,13.95,Unknown,,Unknown,Unknown,,,Out of Stock,WooCommerce,1,none,2025-10-26T20:05:08.888915
Fox Cigar,https://foxcigar.com/shop/cigars/tatiana/sweet-euphoria/tatiana-classic-sweet-euphoria/,Tatiana Classic Sweet Euphoria,17.99,Unknown,,Unknown,Unknown,,,Out of Stock,WooCommerce,1,none,2025-10-26T20:05:11.505815
Fox Cigar,https://foxcigar.com/shop/cigars/rocky-patel/disciple/rocky-patel-disciple-robusto/,Rocky Patel Disciple Robusto,11.65,Rocky Patel,Number 6,Robusto,Unknown,,,In Stock,WooCommerce,1,master_exact,2025-10-26T20:05:13.559193
Fox Cigar,https://foxcigar.com/shop/kits/the-denim-flare-kit/,The Denim Flare Kit,46.83,Unknown,,Unknown,Unknown,,,Out of Stock,WooCommerce,1,none,2025-10-26T20:05:15.857623
Fox Cigar,https://foxcigar.com/shop/cigars/god-of-fire/god-of-fire-kkp-never-back-down-toro-extra-54/,God of Fire KKP Never Back Down Toro Extra 54,53.95,Unknown,,Toro,Unknown,,,Out of Stock,WooCommerce,1,none,2025-10-26T20:05:18.617249
Fox Cigar,https://foxcigar.com/shop/cigars/la-aurora/la-aurora-100-anos-robusto-especiales-maduro/,La Aurora 100 Años Robusto Especiales Maduro,17.75,Unknown,,Robusto,Maduro,,,In Stock,WooCommerce,1,none,2025-10-26T20:05:21.540885
Fox Cigar,https://foxcigar.com/shop/cigars/montecristo/montecristo-1935-anniversary-nicaragua-toro/,Montecristo 1935 Anniversary Nicaragua Toro,20.64,Montecristo,1935 Anniversary Nicaragua,Toro,Unknown,,,Out of Stock,WooCommerce,1,master_combined,2025-10-26T20:05:23.943919
Fox Cigar,https://foxcigar.com/shop/cigars/arturo-fuente/opus-x/a-father-and-his-son-sampler/,A Father And His Son Sampler,379.99,My Father,,Unknown,Unknown,,,Out of Stock,WooCommerce,1,fuzzy_priority,2025-10-26T20:05:25.799460
Fox Cigar,https://foxcigar.com/shop/cigars/arturo-fuente/montesino-robusto-natural/,Montesino Robusto Natural,5.9,Montecristo,,Robusto,Natural,,,Out of Stock,WooCommerce,1,priority_variation,2025-10-26T20:05:28.206264
Fox Cigar,https://foxcigar.com/shop/cigars/j-c-newman/brick-house-toro/,Brick House Toro,8.35,Unknown,,Toro,Unknown,,,Out of Stock,WooCommerce,1,none,2025-10-26T20:05:30.768178
Fox Cigar,https://foxcigar.com/shop/accessories/fox-vertigo-hammer-lighter-black/,Fox Vertigo Hammer Lighter- Black,19.99,Unknown,,Unknown,Unknown,,,In Stock,WooCommerce,1,none,2025-10-26T20:05:33.198150
Fox Cigar,https://foxcigar.com/shop/cigars/casa-carrillo/e-p-carrillo-encore-celestial-bundle/,Perez-Carrillo Encore Celestial Bundle,360.0,Unknown,,Unknown,Unknown,,,In Stock,WooCommerce,1,none,2025-10-26T20:05:35.845869
Fox Cigar,https://foxcigar.com/shop/cigars/davidoff/davidoff-millennium-petit-corona/,Davidoff Millennium Petit Corona,18.7,Unknown,,Petit Corona,Unknown,,,Out of Stock,WooCommerce,1,none,2025-10-26T20:05:38.486443
Fox Cigar,https://foxcigar.com/shop/accessories/god-of-fire-never-back-down-retro-gold-on-black-lighter/,God of Fire “Never Back Down” (Retro) Gold on Black Lighter,99.0,Unknown,,Unknown,Unknown,,,Out of Stock,WooCommerce,1,none,2025-10-26T20:05:40.925255
Fox Cigar,https://foxcigar.com/shop/cigars/j-c-newman/la-unica-no-100-maduro/,La Unica No. 100 Maduro,45.75,Unknown,,Unknown,Maduro,,,Out of Stock,WooCommerce,1,none,2025-10-26T20:05:43.049399
Fox Cigar,https://foxcigar.com/shop/cigars/la-palina/la-palina-kb-series-part-iii/,La Palina KB Series Part III,10.25,Serie V,,Unknown,Unknown,,,Out of Stock,WooCommerce,1,fuzzy_priority,2025-10-26T20:05:45.485254
Fox Cigar,https://foxcigar.com/shop/cigars/drew-estate/liga-privada-h99-super-ancho-2/,Liga Privada H99 Super Ancho,22.5,Drew Estate,,Unknown,Unknown,,,Out of Stock,WooCommerce,1,priority_variation,2025-10-26T20:05:48.008658
Fox Cigar,https://foxcigar.com/shop/cigars/cavalier-geneve/cavalier-bii-viso-jalapa-toro/,Cavalier BII Viso Jalapa Toro 6 x 54,11.76,Unknown,,Toro,Unknown,54.0,6.0,Out of Stock,WooCommerce,1,none,2025-10-26T20:05:50.848769
Fox Cigar,https://foxcigar.com/shop/cigars/j-c-newman/brick-house-mighty-mighty/,Brick House Mighty Mighty,9.15,Unknown,,Unknown,Unknown,,,Out of Stock,WooCommerce,1,none,2025-10-26T20:05:53.102119
Fox Cigar,https://foxcigar.com/shop/cigars/cuesta-rey/centenario/cuesta-rey-aristocrat/,Cuesta Rey Aristocrat,10.8,Unknown,,Unknown,Unknown,,,Out of Stock,WooCommerce,1,none,2025-10-26T20:05:55.646426
Fox Cigar,https://foxcigar.com/shop/cigars/drew-estate/acid-toast-fresh-pack/,Acid Toast Fresh Pack,43.45,Drew Estate,,Unknown,Unknown,,,Out of Stock,WooCommerce,1,priority_variation,2025-10-26T20:05:58.455728
Fox Cigar,https://foxcigar.com/shop/accessories/lighters/st-dupont/megajet-lighter-red/,S.T. Dupont Megajet Lighter Red and Chrome – 020703,265.0,Unknown,,Unknown,Unknown,,,In Stock,WooCommerce,1,none,2025-10-26T20:06:00.609622
Fox Cigar,https://foxcigar.com/shop/cigars/curivari/curivari-buenaventura-dimensiones-d7/,Curivari Buenaventura Dimensiones D7,7.5,Unknown,,Unknown,Unknown,,,Out of Stock,WooCommerce,1,none,2025-10-26T20:06:03.353974
Fox Cigar,https://foxcigar.com/shop/cigars/my-father/don-pepin-garcia-20th-anniversary/,Don Pepin Garcia 20th Anniversary,40.0,Unknown,,Unknown,Unknown,,,Out of Stock,WooCommerce,1,none,2025-10-26T20:06:05.496304
Fox Cigar,https://foxcigar.com/shop/cigars/oscar-valladares/oscar-valladares-mcfly-sixty/,Oscar Valladares McFly Sixty,14.45,Unknown,,Unknown,Unknown,,,Out of Stock,WooCommerce,1,none,2025-10-26T20:06:07.713848
Fox Cigar,https://foxcigar.com/shop/cigars/arturo-fuente/casa-fuente-churchill/,Casa Fuente Churchill,30.0,Arturo Fuente,,Churchill,Unknown,,,Out of Stock,WooCommerce,1,priority_variation,2025-10-26T20:06:09.821656
Fox Cigar,https://foxcigar.com/shop/cigars/drew-estate/20-acre-farm-gordito/,20 Acre Farm Gordito,16.7,Unknown,,Gordito,Unknown,,,Out of Stock,WooCommerce,1,none,2025-10-26T20:06:12.632868
Fox Cigar,https://foxcigar.com/shop/accessories/lighters/elie-bleu-lighters/j-11-delgado-flame-red-lighter/,Elie Bleu J-11 Delgado Flame Red Lighter EBJ1105,158.99,Unknown,,Unknown,Unknown,,,In Stock,WooCommerce,1,none,2025-10-26T20:06:14.845223
Fox Cigar,https://foxcigar.com/shop/cigars/black-label-trading-co/super-deluxe-robusto-bp/,Super Deluxe Robusto BP,12.0,Unknown,,Robusto,Unknown,,,Out of Stock,WooCommerce,1,none,2025-10-26T20:06:17.383431
Fox Cigar,https://foxcigar.com/shop/cigars/j-c-newman/perla-del-mar-corojo-corona-gorda/,Perla Del Mar Corojo Corona Gorda,7.55,Unknown,,Corona,Corojo,,,Out of Stock,WooCommerce,1,none,2025-10-26T20:06:19.654015
Fox Cigar,https://foxcigar.com/shop/accessories/cutters/fox-vertigo-straight-cutter-blue/,Fox Vertigo Straight Cutter Blue,8.99,Unknown,,Unknown,Unknown,,,In Stock,WooCommerce,1,none,2025-10-26T20:06:22.109660
Fox Cigar,https://foxcigar.com/shop/cigars/boutique/cavalier-bii-viso-jalapa-toro-gordo/,Cavalier BII Viso Jalapa Toro Gordo 6 x 60,12.38,Unknown,,Toro,Unknown,60.0,6.0,Out of Stock,WooCommerce,1,none,2025-10-26T20:06:24.613682
Fox Cigar,https://foxcigar.com/shop/cigars/la-gloria-cubana/la-gloria-cubana-serie-s-maduro-robusto-gordo/,La Gloria Cubana Serie S Maduro Robusto Gordo,8.29,Serie V,,Robusto,Maduro,,,Out of Stock,WooCommerce,1,fuzzy_priority,2025-10-26T20:06:27.216481
Fox Cigar,https://foxcigar.com/shop/accessories/fox-vertigo-lighter-mechanic-with-cigar-punch-chrome/,Fox Vertigo Lighter Mechanic With Cigar Punch- Gunmetal,29.99,Punch,,Unknown,Unknown,,,In Stock,WooCommerce,1,priority_variation,2025-10-26T20:06:29.737224
Fox Cigar,https://foxcigar.com/shop/accessories/black-leather-cutter-case/,Black Leather Cutter Case,54.99,Unknown,,Unknown,Unknown,,,Out of Stock,WooCommerce,1,none,2025-10-26T20:06:32.020750
Fox Cigar,https://foxcigar.com/shop/cigars/padron/1964/monarca/,Padron 1964 Anniversary Serie Monarca Natural,15.35,Padron,1964 Anniversary,Unknown,Natural,,,Out of Stock,WooCommerce,1,master_combined,2025-10-26T20:06:34.726715
Fox Cigar,https://foxcigar.com/shop/collectable-barrel-pairings/buffalo-trace-toro-box-with-buffalo-trace-bourbon-package/,Buffalo Trace Toro Box with Buffalo Trace Bourbon Package,204.99,Unknown,,Toro,Unknown,,,In Stock,WooCommerce,1,none,2025-10-26T20:06:37.091111
Fox Cigar,https://foxcigar.com/shop/cigars/ashton/la-aroma-de-cuba-reserva-romantico/,La Aroma de Cuba Reserva Romantico,13.75,La Aroma de Cuba,Pasion,Unknown,Unknown,,,Out of Stock,WooCommerce,1,master_exact,2025-10-26T20:06:39.269082
Fox Cigar,https://foxcigar.com/shop/cigars/tatuaje/tatuaje-20th-rl22/,Tatuaje 20th RL22,15.99,Unknown,,Unknown,Unknown,,,Out of Stock,WooCommerce,1,none,2025-10-26T20:06:41.635169
Fox Cigar,https://foxcigar.com/shop/cigars/curivari/curivari-buenaventura-cremas-c100/,Curivari Buenaventura Cremas C100,7.0,Unknown,,Unknown,Unknown,,,Out of Stock,WooCommerce,1,none,2025-10-26T20:06:44.337888
Fox Cigar,https://foxcigar.com/shop/cigars/padron/padron-1964-anniversary-series-maduro-sampler/,Padron 1964 Anniversary Series Maduro Sampler,117.55,Padron,1964 Anniversary,Unknown,Maduro,,,Out of Stock,WooCommerce,1,master_combined,2025-10-26T20:06:46.334553
Fox Cigar,https://foxcigar.com/shop/cigars/montecristo/1935-anniversary/montecristo-1935-anniversary-nicaragua-robusto/,Montecristo 1935 Anniversary Nicaragua Robusto,17.81,Montecristo,1935 Anniversary Nicaragua,Robusto,Unknown,,,In Stock,WooCommerce,1,master_combined,2025-10-26T20:06:48.519298
Fox Cigar,https://foxcigar.com/shop/cigars/drew-estate/undercrown-shade-tin/,Undercrown Shade Coronets,16.99,Drew Estate,,Unknown,Unknown,,,Out of Stock,WooCommerce,1,priority_variation,2025-10-26T20:06:51.199559
Fox Cigar,https://foxcigar.com/shop/cigars/curivari/curivari-buenaventura-bv-mini-maduro/,Curivari Buenaventura BV Mini Maduro,6.0,Unknown,,Unknown,Maduro,,,Out of Stock,WooCommerce,1,none,2025-10-26T20:06:53.725276
Fox Cigar,https://foxcigar.com/shop/cigars/j-c-newman/havana-q-double-churchill/,Havana Q Double Churchill,67.0,Unknown,,Churchill,Unknown,,,In Stock,WooCommerce,1,none,2025-10-26T20:06:56.251544
Fox Cigar,https://foxcigar.com/shop/cigars/cavalier-geneve/cavalier-white-series-petit-no-2/,Cavalier White Series Petit No.2,11.8,Serie V,,Unknown,Unknown,,,Out of Stock,WooCommerce,1,fuzzy_priority,2025-10-26T20:06:58.851162
Fox Cigar,https://foxcigar.com/shop/cigars/arturo-fuente/god-of-fire-toro/,God of Fire Toro,28.5,Unknown,,Toro,Unknown,,,Out of Stock,WooCommerce,1,none,2025-10-26T20:07:01.276996
Fox Cigar,https://foxcigar.com/shop/cigars/diesel/diesel-founders-collection-raceking-toro/,Diesel Founder’s Collection Raceking Toro,15.99,Unknown,,Toro,Unknown,,,Out of Stock,WooCommerce,1,none,2025-10-26T20:07:03.848093
Fox Cigar,https://foxcigar.com/shop/accessories/lighters/st-dupont/s-t-dupont-biggy-blue-lacquer-and-golden/,S.T. Dupont Biggy Blue Lacquer and Golden – 025005,425.0,Unknown,,Unknown,Unknown,,,In Stock,WooCommerce,1,none,2025-10-26T20:07:06.338376
Fox Cigar,https://foxcigar.com/shop/accessories/s-t-dupont-li-necklace-lighter-silver/,S.T. Dupont Li Necklace Lighter Silver – K27066CH,395.0,Unknown,,Unknown,Unknown,,,In Stock,WooCommerce,1,none,2025-10-26T20:07:08.367989
Fox Cigar,https://foxcigar.com/shop/cigars/camacho/scorpion-unleashed-ashtray-kit/,Scorpion Unleashed Ashtray Kit,81.45,Unknown,,Unknown,Unknown,,,Out of Stock,WooCommerce,1,none,2025-10-26T20:07:10.619003
Fox Cigar,https://foxcigar.com/shop/accessories/lighters/st-dupont/s-t-dupont-slim-7-fluo-bleu/,S.T. Dupont Slim 7 Fluo Bleu – 027771,245.0,Unknown,,Unknown,Unknown,,,In Stock,WooCommerce,1,none,2025-10-26T20:07:13.075850
Fox Cigar,https://foxcigar.com/shop/cigars/curivari/curivari-seleccion-privada-maduro-magnificos/,Curivari Seleccion Privada Maduro Magnificos,9.5,Liga Privada,,Unknown,Maduro,,,Out of Stock,WooCommerce,1,fuzzy_priority,2025-10-26T20:07:15.608179
Fox Cigar,https://foxcigar.com/shop/cigars/arturo-fuente/the-forbidden-love-affair-kit/,The Forbidden Love Affair Kit,129.99,Unknown,,Unknown,Unknown,,,Out of Stock,WooCommerce,1,none,2025-10-26T20:07:17.947395
Fox Cigar,https://foxcigar.com/shop/cigars/arturo-fuente/serie-b-robusto/,God of Fire Serie B Robusto,27.0,Serie V,,Robusto,Unknown,,,Out of Stock,WooCommerce,1,fuzzy_priority,2025-10-26T20:07:20.449707
Fox Cigar,https://foxcigar.com/shop/accessories/fox-gunmetal-vertigo-sable-lighter-with-v-cut/,Fox Gunmetal Vertigo Saber Lighter with V-cut,29.99,Unknown,,Unknown,Unknown,,,Out of Stock,WooCommerce,1,none,2025-10-26T20:07:22.678209
Fox Cigar,https://foxcigar.com/shop/cigars/arturo-fuente/arturo-fuente-churchill-natural-shade-grown/,Arturo Fuente Churchill Natural Shade Grown,8.4,Arturo Fuente,Rare Pink,Churchill,Natural,,,Out of Stock,WooCommerce,1,master_exact,2025-10-26T20:07:25.390242
Fox Cigar,https://foxcigar.com/shop/cigars/gran-habano/gran-habano-persian-queen-gryphon/,Gran Habano Persian Queen Gryphon,9.12,Unknown,,Unknown,Habano,,,Out of Stock,WooCommerce,1,none,2025-10-26T20:07:28.316990
Fox Cigar,https://foxcigar.com/shop/cigars/h-upmann/h-upmann-1844-classic-robusto/,H. Upmann 1844 Classic Robusto,8.63,Unknown,,Robusto,Unknown,,,In Stock,WooCommerce,1,none,2025-10-26T20:07:30.876460
Fox Cigar,https://foxcigar.com/shop/kits/luxury-on-a-budget/smokin-blues-kit/,Smokin’ Blues Kit,48.34,Unknown,,Unknown,Unknown,,,Out of Stock,WooCommerce,1,none,2025-10-26T20:07:33.788686
Fox Cigar,https://foxcigar.com/shop/cigars/arturo-fuente/opus-x/ffox-heaven-and-earth-bbmf-maduro/,FFOX “Heaven and Earth” BBMF Maduro,969.0,Unknown,,Unknown,Maduro,,,Out of Stock,WooCommerce,1,none,2025-10-26T20:07:36.354488
Fox Cigar,https://foxcigar.com/shop/cigars/henry-clay/henry-clay-war-hawk-robusto/,Henry Clay War Hawk Robusto,9.38,Unknown,,Robusto,Unknown,,,In Stock,WooCommerce,1,none,2025-10-26T20:07:38.822272
Fox Cigar,https://foxcigar.com/shop/accessories/lighters/line-2-lighter-gold-dragon-scales/,S.T. Dupont Line 2 Lighter Gold Dragon Scales – C16630,1595.0,Unknown,,Unknown,Unknown,,,Out of Stock,WooCommerce,1,none,2025-10-26T20:07:40.815775
Fox Cigar,https://foxcigar.com/shop/cigars/tatuaje/tatuaje-havana-vi-verocu-no-1/,Tatuaje Havana VI Verocu No. 1,11.0,Unknown,,Unknown,Unknown,,,In Stock,WooCommerce,1,none,2025-10-26T20:07:43.539921
Fox Cigar,https://foxcigar.com/shop/cigars/infused/trader-jacks-midnight-cigars-aargh-jar/,Trader Jack’s Midnight Cigars Aargh Jar,78.6,Unknown,,Unknown,Unknown,,,Out of Stock,WooCommerce,1,none,2025-10-26T20:07:46.095630
Fox Cigar,https://foxcigar.com/shop/cigars/black-label-trading-co/black-label-trading-co-eletto-corona-gorda/,Black Label Trading Co. Eletto Corona Gorda,12.4,Unknown,,Corona,Unknown,,,Out of Stock,WooCommerce,1,none,2025-10-26T20:07:48.457857
Fox Cigar,https://foxcigar.com/shop/cigars/perdomo/perdomo-30th-connecticut-gordo/,Perdomo 30th Connecticut Gordo,14.0,Perdomo,Small Batch Maduro,Unknown,Connecticut,,,In Stock,WooCommerce,1,master_exact,2025-10-26T20:07:50.741678
Fox Cigar,https://foxcigar.com/shop/cigars/leaf-by-oscar/10th-anniversary-criollo/leaf-10th-anniversary-criollo-sixty/,Leaf By Oscar 10th Anniversary Criollo Sixty,13.38,Unknown,,Unknown,Unknown,,,Out of Stock,WooCommerce,1,none,2025-10-26T20:07:52.696647
Fox Cigar,https://foxcigar.com/shop/cigars/perdomo/perdomo-10th-champagne-super-toro/,Perdomo 10th Anniversary Champagne Super Toro,11.75,Perdomo,,Toro,Unknown,,,In Stock,WooCommerce,1,priority_variation,2025-10-26T20:07:55.372266
Fox Cigar,https://foxcigar.com/shop/cigars/drew-estate/deadwood-tasting-kit/,Deadwood Tasting Kit,54.75,Unknown,,Unknown,Unknown,,,Out of Stock,WooCommerce,1,none,2025-10-26T20:07:58.273178
Fox Cigar,https://foxcigar.com/shop/cigars/arturo-fuente/opus-x/fuente-fuente-opus6-red-2024/,Fuente Fuente Opus6 Red,395.0,Arturo Fuente,,Unknown,Unknown,,,Out of Stock,WooCommerce,1,priority_variation,2025-10-26T20:08:00.471774
Fox Cigar,https://foxcigar.com/shop/accessories/cutters/fox-vertigo-straight-cutter-white/,Fox Vertigo Straight Cutter White,8.99,Unknown,,Unknown,Unknown,,,In Stock,WooCommerce,1,none,2025-10-26T20:08:03.024665
Fox Cigar,https://foxcigar.com/shop/cigars/my-father/my-father-flor-de-las-antillas-maduro-torpedo/,My Father Flor De Las Antillas Maduro Torpedo,10.3,My Father,Flor de las Antillas,Torpedo,Maduro,,,Out of Stock,WooCommerce,1,master_combined,2025-10-26T20:08:05.313425
Fox Cigar,https://foxcigar.com/shop/cigars/drew-estate/deadwood-tobacco-co-dominicana-toro/,Deadwood Tobacco Co. Dominicana Toro,12.5,Unknown,,Toro,Unknown,,,In Stock,WooCommerce,1,none,2025-10-26T20:08:07.883167
Fox Cigar,https://foxcigar.com/shop/cigars/arturo-fuente/fuente-friday/house-of-dreams-perfecto-package-3/,House of Dreams Perfecto Package #3,2700.0,Unknown,,Perfecto,Unknown,,,Out of Stock,WooCommerce,1,none,2025-10-26T20:08:10.002599
Fox Cigar,https://foxcigar.com/shop/cigars/aging-room/small-batch/aging-room-small-batch-bin-no-2-grande/,Aging Room Small Batch Bin. No. 2 Grande,15.45,Unknown,,Unknown,Unknown,,,Out of Stock,WooCommerce,1,none,2025-10-26T20:08:12.282768
Fox Cigar,https://foxcigar.com/shop/cigars/j-c-newman/brick-house-the-traveler-tubo/,Brick House The Traveler Tubo,9.5,Unknown,,Unknown,Unknown,,,Out of Stock,WooCommerce,1,none,2025-10-26T20:08:15.043387
Fox Cigar,https://foxcigar.com/shop/cigars/god-of-fire/god-of-fire-kkp-never-back-down-piramide-58/,God of Fire KKP Never Back Down Piramide 58,53.95,Unknown,,Unknown,Unknown,,,In Stock,WooCommerce,1,none,2025-10-26T20:08:17.704129
Fox Cigar,https://foxcigar.com/shop/cigars/avo/avo-nicaragua-fogata-toro/,AVO Nicaragua Fogata Toro,12.8,Unknown,,Toro,Unknown,,,Out of Stock,WooCommerce,1,none,2025-10-26T20:08:20.105855
Fox Cigar,https://foxcigar.com/shop/cigars/asylum/asylum-13-ogre-70-x-7/,Asylum 13 Ogre 70 x 7,12.36,Unknown,,Unknown,Unknown,,,In Stock,WooCommerce,1,none,2025-10-26T20:08:22.880565
Fox Cigar,https://foxcigar.com/shop/gifts/the-heritage-of-padron-ashtray-kit/,The Heritage of Padrón Ashtray Kit,117.5,Unknown,,Unknown,Unknown,,,Out of Stock,WooCommerce,1,none,2025-10-26T20:08:25.585528
Fox Cigar,https://foxcigar.com/shop/cigars/foxtail/foxtail-5ct-sampler/,Foxtail 5ct Toro Sampler,39.99,Unknown,,Toro,Unknown,,,In Stock,WooCommerce,1,none,2025-10-26T20:08:27.669860
Fox Cigar,https://foxcigar.com/shop/kits/ashtray-kits-kits/rebirth-of-cigars-ashtray-kit/,The Rebirth of Cigars Ashtray Kit,124.85,Unknown,,Unknown,Unknown,,,Out of Stock,WooCommerce,1,none,2025-10-26T20:08:30.152877
Fox Cigar,https://foxcigar.com/shop/cigars/brick-house/brick-house-toro-mixed-sampler/,Brick House Toro Mixed Sampler,33.4,Unknown,,Toro,Unknown,,,Out of Stock,WooCommerce,1,none,2025-10-26T20:08:32.630064
Fox Cigar,https://foxcigar.com/shop/cigars/padron/memorable-moments-in-my-life-by-jose-o-padron-spanish-version/,Memorable Moments In My Life by José O. Padrón (Spanish Version),60.0,Unknown,,Unknown,Unknown,,,Out of Stock,WooCommerce,1,none,2025-10-26T20:08:35.373365
Fox Cigar,https://foxcigar.com/shop/cigars/tatuaje/tatuaje-havana-vi-verocu-blue-no-2/,Tatuaje Havana VI Verocu Blue No. 2,12.0,Unknown,,Unknown,Unknown,,,Out of Stock,WooCommerce,1,none,2025-10-26T20:08:38.181501
Fox Cigar,https://foxcigar.com/shop/cigars/oliva/oliva-serie-v-melanio-toro/,Oliva Serie V Melanio Toro,17.64,Oliva,Serie V Melanio,Toro,Unknown,,,Out of Stock,WooCommerce,1,master_combined,2025-10-26T20:08:40.772358
Fox Cigar,https://foxcigar.com/shop/cigars/foundation/foundation-wise-man-corojo-double-corona/,Foundation Wise Man Corojo Double Corona,13.5,Unknown,,Double Corona,Corojo,,,Out of Stock,WooCommerce,1,none,2025-10-26T20:08:43.411848
Fox Cigar,https://foxcigar.com/shop/cigars/asylum/asylum-split-personality-40-x-4/,Asylum Split Personality 40 x 4,6.5,Unknown,,Unknown,Unknown,,,Out of Stock,WooCommerce,1,none,2025-10-26T20:08:45.607835
Fox Cigar,https://foxcigar.com/shop/cigars/ashton/ashton-esg-22-year-salute/,Ashton ESG 22 Year Salute,28.25,Ashton,Connecticut Reserve,Unknown,Unknown,,,Out of Stock,WooCommerce,1,master_exact,2025-10-26T20:08:48.414783
Fox Cigar,https://foxcigar.com/shop/cigars/avo/4-count-avo-syncro-toro-fresh-pack/,4 Count Avo Syncro Toro Fresh Pack,39.99,Unknown,,Toro,Unknown,,,Out of Stock,WooCommerce,1,none,2025-10-26T20:08:51.092973
Fox Cigar,https://foxcigar.com/shop/cigars/drew-estate/ligas-rat-ambush-kit/,Liga’s Rat Ambush Kit,96.0,Liga Privada,,Unknown,Unknown,,,Out of Stock,WooCommerce,1,fuzzy_priority,2025-10-26T20:08:53.351144
Fox Cigar,https://foxcigar.com/shop/cigars/la-flor-dominicana/la-flor-dominicana-solis/,La Flor Dominicana Solis,15.0,Flor de Las Antillas,,Unknown,Unknown,,,Out of Stock,WooCommerce,1,fuzzy_priority,2025-10-26T20:08:55.573224
Fox Cigar,https://foxcigar.com/shop/accessories/gof-never-back-down-ultimo-x-in-gold-on-white-lighter/,GOF “Never Back Down” Ultimo X in Gold on White Lighter,149.0,Unknown,,Unknown,Unknown,,,In Stock,WooCommerce,1,none,2025-10-26T20:08:57.795372
Fox Cigar,https://foxcigar.com/shop/cigars/davidoff/davidoff-escurio-robusto-tubos-pack/,Davidoff Escurio Robusto Tubos Pack,76.4,Unknown,,Robusto,Unknown,,,Out of Stock,WooCommerce,1,none,2025-10-26T20:09:00.570715
Fox Cigar,https://foxcigar.com/shop/cigars/black-label-trading-co/black-label-santa-muerte-short-robusto/,Black Label Santa Muerte Short Robusto,11.3,Unknown,,Robusto,Unknown,,,Out of Stock,WooCommerce,1,none,2025-10-26T20:09:02.891518
Fox Cigar,https://foxcigar.com/shop/cigars/padron/padron-family-reserve-gift-natural/,Padron Family Reserve Natural Sampler,158.55,Padron,Family Reserve,Unknown,Natural,,,In Stock,WooCommerce,1,master_combined,2025-10-26T20:09:05.059845
Fox Cigar,https://foxcigar.com/shop/cigars/asylum/cool-brew/asylum-13-cool-brew-60-x-6/,Asylum 13 Cool Brew 60 x 6,12.5,Unknown,,Unknown,Unknown,,,In Stock,WooCommerce,1,none,2025-10-26T20:09:07.102955
Fox Cigar,https://foxcigar.com/shop/cigars/h-upmann/h-upmann-toro-by-aj-fernandez/,H. Upmann Toro By AJ Fernandez,11.99,Aj Fernandez,,Toro,Unknown,,,Out of Stock,WooCommerce,1,priority_variation,2025-10-26T20:09:09.819360
Fox Cigar,https://foxcigar.com/shop/cigars/cle/25th-anniversary/cle-25th-anniversary-11-18/,C.L.E. 25th Anniversary 11/18,20.06,Unknown,,Unknown,Unknown,,,In Stock,WooCommerce,1,none,2025-10-26T20:09:11.863201
Fox Cigar,https://foxcigar.com/shop/cigars/padron/anniversary-ashtray-kit/,Padron’s Anniversary Ashtray Kit,214.1,Padron,Damaso,Unknown,Unknown,,,Out of Stock,WooCommerce,1,master_exact,2025-10-26T20:09:14.511123
Fox Cigar,https://foxcigar.com/shop/cigars/limited-release/opus-x-lost-city-robusto/,Opus X Lost City Robusto,41.29,Unknown,,Robusto,Unknown,,,Out of Stock,WooCommerce,1,none,2025-10-26T20:09:17.171168
Fox Cigar,https://foxcigar.com/shop/cigars/davidoff/davidoff-nicaragua-diadema/,Davidoff Nicaragua Diadema,24.6,Unknown,,Unknown,Unknown,,,Out of Stock,WooCommerce,1,none,2025-10-26T20:09:19.590821
Fox Cigar,https://foxcigar.com/shop/cigars/rocky-patel/rocky-patel-dbs-toro/,Rocky Patel DBS Toro,21.0,Rocky Patel,Number 6,Toro,Unknown,,,Out of Stock,WooCommerce,1,master_exact,2025-10-26T20:09:22.277217
Fox Cigar,https://foxcigar.com/shop/cigars/la-aurora/la-aurora-preferido-double-figurado-emerald-tubo/,La Aurora Preferido Double Figurado Emerald Tubo,28.0,Unknown,,Unknown,Unknown,,,In Stock,WooCommerce,1,none,2025-10-26T20:09:25.099100
Fox Cigar,https://foxcigar.com/shop/cigars/la-gloria-cubana/la-gloria-cubana-5ct-fresh-pack-sampler/,La Gloria Cubana 5ct Fresh Pack Sampler,39.99,Unknown,,Unknown,Unknown,,,Out of Stock,WooCommerce,1,none,2025-10-26T20:09:27.403057
Fox Cigar,https://foxcigar.com/shop/samplers/padron-collection-natural-sampler/,Padron Collection Natural Sampler,102.1,Padron,Damaso,Unknown,Natural,,,In Stock,WooCommerce,1,master_exact,2025-10-26T20:09:29.813307
Fox Cigar,https://foxcigar.com/shop/cigars/cao/cao-mixed-kit/,CAO Mixed Kit,54.05,CAO,Nicaragua,Unknown,Unknown,,,Out of Stock,WooCommerce,1,master_exact,2025-10-26T20:09:32.490206
Fox Cigar,https://foxcigar.com/shop/cigars/romeo-y-julieta/romeo-y-julieta-1875-bully/,Romeo Y Julieta 1875 Bully,9.44,Romeo y Julieta,1875,Unknown,Unknown,,,Out of Stock,WooCommerce,1,master_combined,2025-10-26T20:09:34.919606
Fox Cigar,https://foxcigar.com/shop/cigars/davidoff/davidoff-millennium-piramides/,Davidoff Millennium Piramides,34.5,Unknown,,Unknown,Unknown,,,Out of Stock,WooCommerce,1,none,2025-10-26T20:09:37.644712
Fox Cigar,https://foxcigar.com/shop/accessories/merch/fox-apparel/the-sunny-side-flat-brim-hat/,The Sunny Side Flat Brim Hat,29.95,Unknown,,Unknown,Unknown,,,In Stock,WooCommerce,1,none,2025-10-26T20:09:39.947336
Fox Cigar,https://foxcigar.com/shop/cigars/rocky-patel/java/java-mint-robusto/,Java Mint Robusto,11.7,Unknown,,Robusto,Unknown,,,Out of Stock,WooCommerce,1,none,2025-10-26T20:09:42.617596
Fox Cigar,https://foxcigar.com/shop/cigars/my-father/jaime-garcia-gordo-extra/,Jaime Garcia Reserva Especial Gordo Extra,12.4,Unknown,,Unknown,Unknown,,,Out of Stock,WooCommerce,1,none,2025-10-26T20:09:45.336426
Fox Cigar,https://foxcigar.com/shop/cigars/drew-estate/acid-krush-classic-gold-sumatra/,Acid Krush Classic Gold Sumatra Cigarillo,16.99,Drew Estate,,Unknown,Unknown,,,Out of Stock,WooCommerce,1,priority_variation,2025-10-26T20:09:47.602014
Fox Cigar,https://foxcigar.com/shop/cigars/aging-room/quattro/quattro-nicaragua/quattro-nicaragua-espressivo/,Aging Room Quattro Nicaragua Espressivo,14.84,Unknown,,Unknown,Unknown,,,Out of Stock,WooCommerce,1,none,2025-10-26T20:09:49.842853
Fox Cigar,https://foxcigar.com/shop/cigars/arturo-fuente/arturo-fuente-chateau-king-t-rosado-sun-grown/,Arturo Fuente Chateau King T Rosado Sun Grown,12.6,Arturo Fuente,Rare Pink,Unknown,Unknown,,,Out of Stock,WooCommerce,1,master_exact,2025-10-26T20:09:52.052535
Fox Cigar,https://foxcigar.com/shop/cigars/joya-de-nicaragua/joya-de-nicaragua-antoano-dark-corojo-poderoso/,Joya de Nicaragua Antano Dark Corojo Poderoso,12.25,Unknown,,Unknown,Corojo,,,Out of Stock,WooCommerce,1,none,2025-10-26T20:09:54.440157
Fox Cigar,https://foxcigar.com/shop/cigars/rocky-patel/rocky-patel-vintage-2003-sixty/,Rocky Patel Vintage 2003 Sixty,14.0,Rocky Patel,Number 6,Unknown,Unknown,,,In Stock,WooCommerce,1,master_exact,2025-10-26T20:09:56.916603
Fox Cigar,https://foxcigar.com/shop/cigars/tatuaje/tatuaje-cojonu-2003-reserva-broadleaf/,Tatuaje Cojonu 2003 Reserva Broadleaf,14.0,Unknown,,Unknown,Unknown,,,In Stock,WooCommerce,1,none,2025-10-26T20:09:59.485320
Fox Cigar,https://foxcigar.com/shop/cigars/fine-rare/la-gran-fumada-impossible-box-of-13-v2/,La Gran Fumada Impossible Box Of 13 Volume II,2999.99,Unknown,,Unknown,Unknown,,,Out of Stock,WooCommerce,1,none,2025-10-26T20:10:01.968341
Fox Cigar,https://foxcigar.com/shop/cigars/drew-estate/nica-rustica-adobe-gordo/,Nica Rustica Adobe Gordo,8.2,Unknown,,Unknown,Unknown,,,Out of Stock,WooCommerce,1,none,2025-10-26T20:10:04.108879
Fox Cigar,https://foxcigar.com/shop/accessories/cutters/elie-bleu/gold-satin-stainless-steel-cutter/,Elie Bleu Goldtone Satin Stainless Steel Cutter EBC1005,199.99,Unknown,,Unknown,Unknown,,,In Stock,WooCommerce,1,none,2025-10-26T20:10:06.212903
Fox Cigar,https://foxcigar.com/shop/cigars/cle/habano-cle/c-l-e-habano-50-x-5/,C.L.E Habano 50 x 5,10.66,Unknown,,Unknown,Habano,,,In Stock,WooCommerce,1,none,2025-10-26T20:10:08.803391
Fox Cigar,https://foxcigar.com/shop/cigars/arturo-fuente/cra-2025-spring-freedom-pack/,CRA 2025 Spring Freedom Pack,179.99,Unknown,,Unknown,Unknown,,,In Stock,WooCommerce,1,none,2025-10-26T20:10:10.853428
Fox Cigar,https://foxcigar.com/shop/cigars/la-flor-dominicana/la-flor-dominicana-oro-no-6-natural/,La Flor Dominicana Oro No. 6 Natural,17.4,Flor de Las Antillas,,Unknown,Natural,,,Out of Stock,WooCommerce,1,fuzzy_priority,2025-10-26T20:10:13.437838
Fox Cigar,https://foxcigar.com/shop/accessories/god-of-fire-never-back-down-retro-blue-on-black-lighter/,God of Fire “Never Back Down” (Retro) Blue on Black Lighter,99.0,Unknown,,Unknown,Unknown,,,Out of Stock,WooCommerce,1,none,2025-10-26T20:10:16.069809
Fox Cigar,https://foxcigar.com/shop/accessories/merch/fox-apparel/fox-zero-fucks-given-pink-hat/,Fox Zero Fucks Given Pink Hat,29.99,Unknown,,Unknown,Unknown,,,In Stock,WooCommerce,1,none,2025-10-26T20:10:18.143488
Fox Cigar,https://foxcigar.com/shop/cigars/montecristo/montecristo-1935-anniversary-nicaragua-demi/,Montecristo 1935 Anniversary Nicaragua Demi,15.5,Montecristo,1935 Anniversary Nicaragua,Unknown,Unknown,,,In Stock,WooCommerce,1,master_combined,2025-10-26T20:10:20.676989
Fox Cigar,https://foxcigar.com/shop/cigars/macanudo/m-by-macanudo-coffee-toro/,M By Macanudo Coffee Toro,9.99,Macanudo,Gold Label,Toro,Unknown,,,Out of Stock,WooCommerce,1,master_exact,2025-10-26T20:10:22.767406
Fox Cigar,https://foxcigar.com/shop/cigars/drew-estate/undercrown-10-robusto/,Undercrown 10 Robusto,13.25,Drew Estate,,Robusto,Unknown,,,Out of Stock,WooCommerce,1,priority_variation,2025-10-26T20:10:25.050381
Fox Cigar,https://foxcigar.com/shop/cigars/roma-craft-tobac/ec-xviii/intemperance-ec-xviii-faith/,Roma Craft Intemperance EC XVIII Faith,9.35,Unknown,,Unknown,Unknown,,,Out of Stock,WooCommerce,1,none,2025-10-26T20:10:27.752192
Fox Cigar,https://foxcigar.com/shop/cigars/oscar-valladares/super-fly/super-fly-super-gordo-maduro/,Oscar Valladares Super Fly Super Gordo Maduro,58.99,Unknown,,Unknown,Maduro,,,Out of Stock,WooCommerce,1,none,2025-10-26T20:10:29.949635
Fox Cigar,https://foxcigar.com/shop/cigars/arturo-fuente/opus-x/fuente-fuente-opusx-story-macassar-2024/,Fuente Fuente OpusX Story Macassar 2024,279.0,Arturo Fuente,,Unknown,Unknown,,,In Stock,WooCommerce,1,priority_variation,2025-10-26T20:10:32.126818
Fox Cigar,https://foxcigar.com/shop/cigars/padron/padron-1926-serie-maduro-gift-pack/,Padron 1926 Serie Maduro Sampler,95.2,Padron,1926 Serie,Unknown,Maduro,,,In Stock,WooCommerce,1,master_combined,2025-10-26T20:10:34.222346
Fox Cigar,https://foxcigar.com/shop/cigars/romeo-y-julieta/romeo-y-julieta-mini-white-original/,Romeo y Julieta Mini White Original,14.99,Romeo y Julieta,Minis,Unknown,Unknown,,,Out of Stock,WooCommerce,1,master_exact,2025-10-26T20:10:36.502593
Fox Cigar,https://foxcigar.com/shop/cigars/joya-de-nicaragua/joya-de-nicaragua-red-short-churchill/,Joya de Nicaragua Joya Red Short Churchill,7.0,Unknown,,Churchill,Unknown,,,Out of Stock,WooCommerce,1,none,2025-10-26T20:10:38.795894
Fox Cigar,https://foxcigar.com/shop/cigars/cohiba/cohiba-connecticut-robusto-crystal/,Cohiba Connecticut Robusto Crystal,26.99,Unknown,,Robusto,Connecticut,,,Out of Stock,WooCommerce,1,none,2025-10-26T20:10:41.446059
Fox Cigar,https://foxcigar.com/shop/cigars/davidoff/davidoff-signature-petit-corona/,Davidoff Signature Petit Corona,15.9,Unknown,,Petit Corona,Unknown,,,Out of Stock,WooCommerce,1,none,2025-10-26T20:10:44.176674
Fox Cigar,https://foxcigar.com/shop/cigars/arturo-fuente/arturo-fuente-best-seller/,Arturo Fuente Hemingway Best Seller,8.6,Arturo Fuente,Hemingway,Unknown,Unknown,,,Out of Stock,WooCommerce,1,master_combined,2025-10-26T20:10:46.269527
Fox Cigar,https://foxcigar.com/shop/cigars/la-flor-dominicana/la-flor-dominicana-oro-chisel/,La Flor Dominicana Oro Chisel,18.2,Flor de Las Antillas,,Unknown,Unknown,,,In Stock,WooCommerce,1,fuzzy_priority,2025-10-26T20:10:49.062815
Fox Cigar,https://foxcigar.com/shop/cigars/limited-release/no-bull-about-this-kit/,No Bull About This Kit,75.1,Unknown,,Unknown,Unknown,,,Out of Stock,WooCommerce,1,none,2025-10-26T20:10:51.692425
Fox Cigar,https://foxcigar.com/shop/cigars/foundation/charter-oak-ct-shade-toro/,Charter Oak CT Shade Toro,7.0,Unknown,,Toro,Unknown,,,Out of Stock,WooCommerce,1,none,2025-10-26T20:10:53.962305
Fox Cigar,https://foxcigar.com/shop/accessories/lighters/st-dupont/s-t-dupont-slimmy-white-lacquer-and-golden/,S.T. Dupont Slimmy White Lacquer and Golden – 028004,350.0,Unknown,,Unknown,Unknown,,,In Stock,WooCommerce,1,none,2025-10-26T20:10:56.590432
Fox Cigar,https://foxcigar.com/shop/cigars/bolivar/bolivar-cofradia-churchill-no-754/,Bolivar Cofradia Churchill No. 754,8.29,Oliva,Saison,Churchill,Unknown,,,Out of Stock,WooCommerce,1,master_exact,2025-10-26T20:10:58.611291
Fox Cigar,https://foxcigar.com/shop/cigars/montecristo/montecristo-1935-anniversary-edicion-diamante-churchill/,Montecristo 1935 Anniversary Edicion Diamante Churchill,26.6,Montecristo,Cifrado,Churchill,Unknown,,,Out of Stock,WooCommerce,1,master_exact,2025-10-26T20:11:01.247241
Fox Cigar,https://foxcigar.com/shop/cigars/foundation/charter-oak-ct-broadleaf-toro/,Charter Oak CT Broadleaf Toro,7.0,Unknown,,Toro,Unknown,,,Out of Stock,WooCommerce,1,none,2025-10-26T20:11:03.476722
Fox Cigar,https://foxcigar.com/shop/cigars/asylum/asylum-13-60-x-6/,Asylum 13 60 x 6,10.46,Unknown,,Unknown,Unknown,,,Out of Stock,WooCommerce,1,none,2025-10-26T20:11:06.112319
Fox Cigar,https://foxcigar.com/shop/cigars/arturo-fuente/opus-x/ffox-heaven-and-earth-scorpio-maduro/,FFOX “Heaven and Earth” Scorpio Maduro,969.0,Unknown,,Unknown,Maduro,,,Out of Stock,WooCommerce,1,none,2025-10-26T20:11:08.500019
Fox Cigar,https://foxcigar.com/shop/cigars/curivari/curivari-seleccion-privada-lanceros-le-2023/,Curivari Seleccion Privada Lanceros LE 2023,9.0,Liga Privada,,Lancero,Unknown,,,Out of Stock,WooCommerce,1,fuzzy_priority,2025-10-26T20:11:11.174179
Fox Cigar,https://foxcigar.com/shop/promos/montecristo-90th-bonus-travel-case-package/,Montecristo 90th BONUS Travel Case Package,105.0,Montecristo,Cifrado,Unknown,Unknown,,,In Stock,WooCommerce,1,master_exact,2025-10-26T20:11:13.134921
Fox Cigar,https://foxcigar.com/shop/cigars/fine-rare/fuente-fuente-opusx-20th-anniversary-gods-whisper/,Fuente Fuente OpusX 20th Anniversary God’s Whisper,34.99,Arturo Fuente,,Unknown,Unknown,20.0,,Out of Stock,WooCommerce,1,priority_variation,2025-10-26T20:11:15.235524
Fox Cigar,https://foxcigar.com/shop/cigars/black-label-trading-co/black-label-trading-co-salvation-gran-toro/,Black Label Trading Co. Salvation Gran Toro,13.0,Unknown,,Toro,Unknown,,,Out of Stock,WooCommerce,1,none,2025-10-26T20:11:17.842931
Fox Cigar,https://foxcigar.com/shop/cigars/davidoff/davidoff-yamasa-robusto/,Davidoff Yamasa Robusto,19.8,Unknown,,Robusto,Unknown,,,Out of Stock,WooCommerce,1,none,2025-10-26T20:11:20.405725
Fox Cigar,https://foxcigar.com/shop/cigars/arturo-fuente/don-carlos/arturo-fuente-8-5-8-natural-10-count-box/,Arturo Fuente 8-5-8 Natural 10 Count Box,100.99,Arturo Fuente,Rare Pink,Unknown,Natural,,,Out of Stock,WooCommerce,1,master_exact,2025-10-26T20:11:22.677032
Fox Cigar,https://foxcigar.com/shop/cigars/avo/heritage-toro/,AVO Heritage Toro,11.9,Unknown,,Toro,Unknown,,,Out of Stock,WooCommerce,1,none,2025-10-26T20:11:25.232135
Fox Cigar,https://foxcigar.com/shop/cigars/roma-craft-tobac/roma-craft-cromagnon-mode-5/,RoMa Craft CroMagnon Mode 5,10.7,Unknown,,Unknown,Unknown,,,Out of Stock,WooCommerce,1,none,2025-10-26T20:11:27.301186
Fox Cigar,https://foxcigar.com/shop/cigars/drew-estate/undercrown-maduro-kit/,Undercrown Maduro Fresh Pack,34.99,Drew Estate,,Unknown,Maduro,,,Out of Stock,WooCommerce,1,priority_variation,2025-10-26T20:11:29.669775
Fox Cigar,https://foxcigar.com/shop/cigars/cao/the-head-mechanic-kit/,The Head Mechanic Kit,140.12,Unknown,,Unknown,Unknown,,,Out of Stock,WooCommerce,1,none,2025-10-26T20:11:31.955707
Fox Cigar,https://foxcigar.com/shop/cigars/roma-craft-tobac/ec-xviii/intemperance-ec-xviii-charity/,Roma Craft Intemperance EC XVIII Charity,7.75,Unknown,,Unknown,Unknown,,,Out of Stock,WooCommerce,1,none,2025-10-26T20:11:34.325971
Fox Cigar,https://foxcigar.com/shop/cigars/la-flor-dominicana/la-flor-dominicana-suave-maceao-tubo/,La Flor Dominicana Suave Maceo Tubo,10.9,Flor de Las Antillas,,Unknown,Unknown,,,Out of Stock,WooCommerce,1,fuzzy_priority,2025-10-26T20:11:36.763965
Fox Cigar,https://foxcigar.com/shop/cigars/drew-estate/liga-privada-unico-serie-l40-lancero/,Liga Privada Unico Serie L40 Lancero,20.0,Drew Estate,,Lancero,Unknown,,,Out of Stock,WooCommerce,1,priority_variation,2025-10-26T20:11:39.074688
Fox Cigar,https://foxcigar.com/shop/cigars/perdomo/perdomo-30th-sun-grown-robusto/,Perdomo 30th Sun Grown Robusto,12.5,Perdomo,Small Batch Maduro,Robusto,Unknown,,,In Stock,WooCommerce,1,master_exact,2025-10-26T20:11:41.431320
Fox Cigar,https://foxcigar.com/shop/cigars/drew-estate/drew-estate-larutan-egg-maduro/,Drew Estate Larutan Egg Maduro,24.95,Drew Estate,Acid,Unknown,Maduro,,,Out of Stock,WooCommerce,1,master_exact,2025-10-26T20:11:43.597288
Fox Cigar,https://foxcigar.com/shop/cigars/casa-carrillo/ep-carrillo-allegiance-sidekick/,Perez-Carrillo Allegiance Sidekick,13.4,Unknown,,Unknown,Unknown,,,Out of Stock,WooCommerce,1,none,2025-10-26T20:11:45.757912
