product_name,query,rank,retailer_domain,example_url
AVO Classic No. 2 (Box of 20),AVO Classic No. 2 box 20 price buy,1,cigarcountry.com,https://cigarcountry.com/product/avo-classic-no-2/
AVO Classic No. 2 (Box of 20),AVO Classic No. 2 box 20 price buy,2,bestcigarprices.com,https://www.bestcigarprices.com/cigar-directory/avo-classic-cigars/avo-classic-no.-2-226452/
AVO Classic No. 2 (Box of 20),AVO Classic No. 2 box 20 price buy,3,atlanticcigar.com,https://atlanticcigar.com/avo-classic-no-2-tubos/
AVO Classic No. 2 (Box of 20),AVO Classic No. 2 box 20 price buy,4,foxcigar.com,https://foxcigar.com/shop/cigars/avo/avo-classic-maduro-no-2/
AVO Classic No. 2 (Box of 20),AVO Classic No. 2 box 20 price buy,5,jrcigars.com,https://www.jrcigars.com/item/avo-classic/no.-2-tubo/AVO2TU.html
AVO Classic No. 2 (Box of 20),AVO Classic No. 2 box 20 price buy,6,hilandscigars.com,https://www.hilandscigars.com/shop/cigars/avo/avo-classic/avo-classic-no-2-6x50-box-of-20/
AVO Classic No. 2 (Box of 20),AVO Classic No. 2 box 20 price buy,7,lmcigars.com,https://lmcigars.com/product/avo-classic-no-2/
AVO Classic No. 2 (Box of 20),AVO Classic No. 2 box 20 price buy,8,2guyscigars.com,https://www.2guyscigars.com/avo-classic-cigars
AVO Classic No. 2 (Box of 20),AVO Classic No. 2 box 20 price buy,9,cigarsinternational.com,https://www.cigarsinternational.com/p/avo-classic-cigars/1489922/
AVO Classic No. 2 (Box of 20),AVO Classic No. 2 box 20 price buy,10,cigarking.com,https://www.cigarking.com/avo-classic-no-2-6x50-box-20/
Alec Bradley Prensado Gran Toro (Box of 20),Alec Bradley Prensado Gran Toro box 20 price buy,2,cigarscity.com,https://www.cigarscity.com/products/alec-bradley-prensado-gran-toro-cigars-box-of-20
Alec Bradley Prensado Gran Toro (Box of 20),Alec Bradley Prensado Gran Toro box 20 price buy,3,bestcigarprices.com,https://www.bestcigarprices.com/alec-bradley-prensado-cigars/
Alec Bradley Prensado Gran Toro (Box of 20),Alec Bradley Prensado Gran Toro box 20 price buy,4,cigarcountry.com,https://cigarcountry.com/product/alec-bradley-prensado-gran-toro/
Alec Bradley Prensado Gran Toro (Box of 20),Alec Bradley Prensado Gran Toro box 20 price buy,5,tobaccostock.com,https://www.tobaccostock.com/products/alec-bradley-prensado-gran-toro-box-of-20-cigars
Alec Bradley Prensado Gran Toro (Box of 20),Alec Bradley Prensado Gran Toro box 20 price buy,6,cigarsinternational.com,https://www.cigarsinternational.com/p/alec-bradley-prensado-lost-art/2004350/
Alec Bradley Prensado Gran Toro (Box of 20),Alec Bradley Prensado Gran Toro box 20 price buy,7,cuencacigars.com,https://www.cuencacigars.com/alec-bradley-prensado-lost-art-gran-toro-cigars-oscuro-box-of-20/
Alec Bradley Prensado Gran Toro (Box of 20),Alec Bradley Prensado Gran Toro box 20 price buy,8,jrcigars.com,https://www.jrcigars.com/cigars/handmade-cigars/alec-bradley-cigars/alec-bradley-prensado/
Alec Bradley Prensado Gran Toro (Box of 20),Alec Bradley Prensado Gran Toro box 20 price buy,9,cigarsdirect.com,https://www.cigarsdirect.com/products/alec-bradley-prensado-gran-toro
Alec Bradley Prensado Gran Toro (Box of 20),Alec Bradley Prensado Gran Toro box 20 price buy,10,cigarplace.biz,https://www.cigarplace.biz/all-brands/alec-bradley/alec-bradley-prensado.html
Arturo Fuente Hemingway Classic Cameroon (Box of 25),Arturo Fuente Hemingway Classic box 25 price buy,1,cigarcountry.com,https://cigarcountry.com/brand/arturo-fuente-cigars/arturo-fuente-hemingway/
Arturo Fuente Hemingway Classic Cameroon (Box of 25),Arturo Fuente Hemingway Classic box 25 price buy,2,nickscigarworld.com,https://nickscigarworld.com/shop/premium-cigars/arturo-fuente-hemingway/arturo-fuente-hemingway-classic/
Arturo Fuente Hemingway Classic Cameroon (Box of 25),Arturo Fuente Hemingway Classic box 25 price buy,3,cigarsinternational.com,https://www.cigarsinternational.com/p/arturo-fuente-hemingway-cigars/1410664/
Arturo Fuente Hemingway Classic Cameroon (Box of 25),Arturo Fuente Hemingway Classic box 25 price buy,4,neptunecigar.com,https://www.neptunecigar.com/cigar/arturo-fuente-hemingway
Arturo Fuente Hemingway Classic Cameroon (Box of 25),Arturo Fuente Hemingway Classic box 25 price buy,5,tobaccostock.com,https://www.tobaccostock.com/products/arturo-fuente-hemingway-classic-reservada-cigars-box-of-25
Arturo Fuente Hemingway Classic Cameroon (Box of 25),Arturo Fuente Hemingway Classic box 25 price buy,6,cuencacigars.com,https://www.cuencacigars.com/arturo-fuente-hemingway-v-classic-cigars-box-of-25/
Arturo Fuente Hemingway Classic Cameroon (Box of 25),Arturo Fuente Hemingway Classic box 25 price buy,7,foxcigar.com,https://foxcigar.com/product-category/cigars/arturo-fuente/hemingway/
Arturo Fuente Hemingway Classic Cameroon (Box of 25),Arturo Fuente Hemingway Classic box 25 price buy,8,cigarking.com,https://www.cigarking.com/arturo-fuente-hemingway-classic-sun-grown-7x48-box-25/
Arturo Fuente Hemingway Classic Cameroon (Box of 25),Arturo Fuente Hemingway Classic box 25 price buy,9,lmcigars.com,https://lmcigars.com/product/arturo-fuente-hemingway-classic/
CAO Flathead V660 Carb (Box of 24),CAO Flathead V660 box 24 price buy,1,bestcigarprices.com,https://www.bestcigarprices.com/cigar-directory/cao-flathead-cigars/cao-flathead-v660-carb-220747/
CAO Flathead V660 Carb (Box of 24),CAO Flathead V660 box 24 price buy,2,hilandscigars.com,https://www.hilandscigars.com/shop/cigars/cao/cao-flathead/c-a-o-flathead-v660-carb/
CAO Flathead V660 Carb (Box of 24),CAO Flathead V660 box 24 price buy,3,xocigars.com,https://www.xocigars.com/brett/index.php/component/virtuemart/shop/hand-rolled/80000563-detail?Itemid=0
CAO Flathead V660 Carb (Box of 24),CAO Flathead V660 box 24 price buy,4,jrcigars.com,https://www.jrcigars.com/item/cao-flathead/v660-carb/CV660.html
CAO Flathead V660 Carb (Box of 24),CAO Flathead V660 box 24 price buy,5,cigarking.com,https://www.cigarking.com/cao-flathead/
CAO Flathead V660 Carb (Box of 24),CAO Flathead V660 box 24 price buy,6,neptunecigar.com,https://www.neptunecigar.com/cigar/cao-flathead
CAO Flathead V660 Carb (Box of 24),CAO Flathead V660 box 24 price buy,7,cigar.com,https://www.cigar.com/p/cao-flathead-cigars/1474833/
CAO Flathead V660 Carb (Box of 24),CAO Flathead V660 box 24 price buy,8,mikescigars.com,https://mikescigars.com/cao-flathead-v660-carb
CAO Flathead V660 Carb (Box of 24),CAO Flathead V660 box 24 price buy,9,cigarsdirect.com,https://www.cigarsdirect.com/products/cao-flathead-v660-carb
CAO Flathead V660 Carb (Box of 24),CAO Flathead V660 box 24 price buy,10,elcigarshop.com,https://www.elcigarshop.com/cao-cao-flathead-v660-carb-box-of-24.html
Camacho Corojo Toro (Box of 20),Camacho Corojo Toro box 20 price buy,1,cigarcountry.com,https://cigarcountry.com/product/camacho-corojo-box-pressed-toro-tubo/
Camacho Corojo Toro (Box of 20),Camacho Corojo Toro box 20 price buy,2,jrcigars.com,https://www.jrcigars.com/item/camacho-corojo/toro/CCOTO.html
Camacho Corojo Toro (Box of 20),Camacho Corojo Toro box 20 price buy,3,cigarscity.com,https://www.cigarscity.com/products/camacho-corojo-toro-box-of-20
Camacho Corojo Toro (Box of 20),Camacho Corojo Toro box 20 price buy,4,bestcigarprices.com,https://www.bestcigarprices.com/cigar-directory/camacho-corojo-cigars/camacho-corojo-toro-220813/
Camacho Corojo Toro (Box of 20),Camacho Corojo Toro box 20 price buy,5,foxcigar.com,https://foxcigar.com/shop/cigars/camacho/corojo/camacho-corojo-toro-box-pressed-tubos/
Camacho Corojo Toro (Box of 20),Camacho Corojo Toro box 20 price buy,6,cuencacigars.com,https://www.cuencacigars.com/camacho-corojo-box-pressed-toro-cigars-dark-natural-box-of-20/
Camacho Corojo Toro (Box of 20),Camacho Corojo Toro box 20 price buy,7,cigarplace.biz,https://www.cigarplace.biz/all-brands/camacho-cigars/camacho-corojo.html
Camacho Corojo Toro (Box of 20),Camacho Corojo Toro box 20 price buy,8,neptunecigar.com,https://www.neptunecigar.com/cigar/camacho-corojo
Camacho Corojo Toro (Box of 20),Camacho Corojo Toro box 20 price buy,9,nickscigarworld.com,https://nickscigarworld.com/shop/premium-cigars/camacho-corojo/camacho-corojo-box-pressed-toro/
Camacho Corojo Toro (Box of 20),Camacho Corojo Toro box 20 price buy,10,cigarsdirect.com,https://www.cigarsdirect.com/products/camacho-corojo-toro
Cohiba Red Dot Robusto (Box of 25),Cohiba Red Dot Robusto box 25 price buy,1,cigarcountry.com,https://cigarcountry.com/brand/cohiba-cigars/cohiba-red-dot/
Cohiba Red Dot Robusto (Box of 25),Cohiba Red Dot Robusto box 25 price buy,2,cigarsinternational.com,https://www.cigarsinternational.com/p/cohiba-red-dot-cigars/1410832/
Cohiba Red Dot Robusto (Box of 25),Cohiba Red Dot Robusto box 25 price buy,3,cigar.com,https://www.cigar.com/p/cohiba-red-dot-cigars/1410832/
Cohiba Red Dot Robusto (Box of 25),Cohiba Red Dot Robusto box 25 price buy,4,hilandscigars.com,https://www.hilandscigars.com/shop/cigars/cohiba/cohiba-red-dot/cohiba-robusto/
Cohiba Red Dot Robusto (Box of 25),Cohiba Red Dot Robusto box 25 price buy,5,tobaccostock.com,https://www.tobaccostock.com/products/cohiba-robusto-cigars-box-of-25
Cohiba Red Dot Robusto (Box of 25),Cohiba Red Dot Robusto box 25 price buy,6,foxcigar.com,https://foxcigar.com/shop/cigars/cohiba/red-dot/cohiba-robusto/
Cohiba Red Dot Robusto (Box of 25),Cohiba Red Dot Robusto box 25 price buy,8,jrcigars.com,https://www.jrcigars.com/cigars/handmade-cigars/cohiba-cigars/cohiba-red-dot/
Cohiba Red Dot Robusto (Box of 25),Cohiba Red Dot Robusto box 25 price buy,9,absolutecigars.com,https://absolutecigars.com/product-category/cohiba-red-dot/
Cohiba Red Dot Robusto (Box of 25),Cohiba Red Dot Robusto box 25 price buy,10,cigarking.com,https://www.cigarking.com/cohiba-red-dot/
Drew Estate Liga Privada No. 9 Toro (Box of 24),Liga Privada No. 9 Toro box 24 price buy,1,cigarcountry.com,https://cigarcountry.com/product/liga-privada-no-9-toro/
Drew Estate Liga Privada No. 9 Toro (Box of 24),Liga Privada No. 9 Toro box 24 price buy,2,cigarsdaily.com,https://cigarsdaily.com/product/liga-privada-no-9-6x52-toro/
Drew Estate Liga Privada No. 9 Toro (Box of 24),Liga Privada No. 9 Toro box 24 price buy,3,cigarsinternational.com,https://www.cigarsinternational.com/p/drew-estate-liga-privada-no-9-cigars/1411550/
Drew Estate Liga Privada No. 9 Toro (Box of 24),Liga Privada No. 9 Toro box 24 price buy,4,boswellpipes.com,https://boswellpipes.com/product/drew-estate-liga-privada-no-9-toro/
Drew Estate Liga Privada No. 9 Toro (Box of 24),Liga Privada No. 9 Toro box 24 price buy,5,2guyscigars.com,https://www.2guyscigars.com/liga-privada-no-9-cigars
Drew Estate Liga Privada No. 9 Toro (Box of 24),Liga Privada No. 9 Toro box 24 price buy,6,neptunecigar.com,https://www.neptunecigar.com/cigar/liga-privada-no-9
Drew Estate Liga Privada No. 9 Toro (Box of 24),Liga Privada No. 9 Toro box 24 price buy,7,cigarking.com,https://www.cigarking.com/drew-estate-liga-privada-no-9-1/
Drew Estate Liga Privada No. 9 Toro (Box of 24),Liga Privada No. 9 Toro box 24 price buy,8,foxcigar.com,https://foxcigar.com/shop/cigars/drew-estate/liga-privada-no-9-toro/
Drew Estate Liga Privada No. 9 Toro (Box of 24),Liga Privada No. 9 Toro box 24 price buy,9,lmcigars.com,https://lmcigars.com/product/liga-privada-9-toro/
Drew Estate Liga Privada No. 9 Toro (Box of 24),Liga Privada No. 9 Toro box 24 price buy,10,jrcigars.com,https://www.jrcigars.com/cigars/handmade-cigars/drew-estate-cigars/liga-privada-no.-9/
Drew Estate Undercrown Maduro Gran Toro (Box of 25),Undercrown Maduro Gran Toro box 25 price buy,1,cigarking.com,https://www.cigarking.com/copy-of-drew-estate-undercrown-maduro-gordito-6x60-box-25/
Drew Estate Undercrown Maduro Gran Toro (Box of 25),Undercrown Maduro Gran Toro box 25 price buy,2,cigarsinternational.com,https://www.cigarsinternational.com/p/drew-estate-undercrown-cigars/1411553/
Drew Estate Undercrown Maduro Gran Toro (Box of 25),Undercrown Maduro Gran Toro box 25 price buy,3,bestcigarprices.com,https://www.bestcigarprices.com/cigar-directory/undercrown-cigars/undercrown-maduro-gran-toro-27478/
Drew Estate Undercrown Maduro Gran Toro (Box of 25),Undercrown Maduro Gran Toro box 25 price buy,4,foxcigar.com,https://foxcigar.com/product-category/cigars/drew-estate/undercrown/
Drew Estate Undercrown Maduro Gran Toro (Box of 25),Undercrown Maduro Gran Toro box 25 price buy,5,mikescigars.com,https://mikescigars.com/undercrown-maduro-gran-toro
Drew Estate Undercrown Maduro Gran Toro (Box of 25),Undercrown Maduro Gran Toro box 25 price buy,6,cigarsdaily.com,https://cigarsdaily.com/product/undercrown-maduro-gran-toro-6x52/
Drew Estate Undercrown Maduro Gran Toro (Box of 25),Undercrown Maduro Gran Toro box 25 price buy,7,neptunecigar.com,https://www.neptunecigar.com/cigar/liga-undercrown-maduro
Drew Estate Undercrown Maduro Gran Toro (Box of 25),Undercrown Maduro Gran Toro box 25 price buy,8,tiptopsmoke.com,https://tiptopsmoke.com/product/drew-estate-undercrown-maduro-gran-toro-box-25/
Drew Estate Undercrown Maduro Gran Toro (Box of 25),Undercrown Maduro Gran Toro box 25 price buy,9,hilandscigars.com,https://www.hilandscigars.com/shop/cigars/drew-estate/undercrown-maduro/undercrown-maduro-gran-toro-6-x52-box-of-25/
Drew Estate Undercrown Maduro Gran Toro (Box of 25),Undercrown Maduro Gran Toro box 25 price buy,10,cigarcountry.com,https://cigarcountry.com/brand/drew-estate/undercrown-cigars/
H. Upmann 1844 Reserve Churchill (Box of 25),H. Upmann 1844 Reserve Churchill box 25 price buy,1,cigarcountry.com,https://cigarcountry.com/product/h-upmann-1844-reserve-churchill/
H. Upmann 1844 Reserve Churchill (Box of 25),H. Upmann 1844 Reserve Churchill box 25 price buy,2,cigarsinternational.com,https://www.cigarsinternational.com/p/h-upmann-1844-reserve-cigars/1411275/
H. Upmann 1844 Reserve Churchill (Box of 25),H. Upmann 1844 Reserve Churchill box 25 price buy,4,holts.com,https://www.holts.com/cigars/all-cigar-brands/h-upmann-1844-reserve.html
H. Upmann 1844 Reserve Churchill (Box of 25),H. Upmann 1844 Reserve Churchill box 25 price buy,5,neptunecigar.com,https://www.neptunecigar.com/cigar/h-upmann-1844-reserve
H. Upmann 1844 Reserve Churchill (Box of 25),H. Upmann 1844 Reserve Churchill box 25 price buy,6,jrcigars.com,https://www.jrcigars.com/cigars/handmade-cigars/h.-upmann-cigars/
H. Upmann 1844 Reserve Churchill (Box of 25),H. Upmann 1844 Reserve Churchill box 25 price buy,7,windycitycigars.com,https://windycitycigars.com/hupmann-1844reserve-churchill-cigars/
H. Upmann 1844 Reserve Churchill (Box of 25),H. Upmann 1844 Reserve Churchill box 25 price buy,9,thecigarstore.com,https://www.thecigarstore.com/Cigars/H-Upmann-1844-Reserve-Cigars.htm
H. Upmann 1844 Reserve Churchill (Box of 25),H. Upmann 1844 Reserve Churchill box 25 price buy,10,absolutecigars.com,https://absolutecigars.com/product-category/h-upmann-1844-reserve/
Hoyo de Monterrey Excalibur Epicure (Box of 20),Hoyo de Monterrey Excalibur Epicure box 20 price buy,1,cigarsinternational.com,https://www.cigarsinternational.com/p/excalibur-cigars/1411249/
Hoyo de Monterrey Excalibur Epicure (Box of 20),Hoyo de Monterrey Excalibur Epicure box 20 price buy,2,cigar.com,https://www.cigar.com/p/hoyo-excalibur-cigars/1411249/
Hoyo de Monterrey Excalibur Epicure (Box of 20),Hoyo de Monterrey Excalibur Epicure box 20 price buy,4,bestcigarprices.com,https://www.bestcigarprices.com/cigar-directory/excalibur-cigars/excalibur-epicures-natural-4656/
Hoyo de Monterrey Excalibur Epicure (Box of 20),Hoyo de Monterrey Excalibur Epicure box 20 price buy,5,jrcigars.com,https://www.jrcigars.com/cigars/handmade-cigars/excalibur-cigars/
Hoyo de Monterrey Excalibur Epicure (Box of 20),Hoyo de Monterrey Excalibur Epicure box 20 price buy,6,cigarsdaily.com,https://cigarsdaily.com/product-category/cigars/hoyo-de-monterrey/
Hoyo de Monterrey Excalibur Epicure (Box of 20),Hoyo de Monterrey Excalibur Epicure box 20 price buy,7,neptunecigar.com,https://www.neptunecigar.com/excalibur-cigar
Hoyo de Monterrey Excalibur Epicure (Box of 20),Hoyo de Monterrey Excalibur Epicure box 20 price buy,8,mikescigars.com,https://mikescigars.com/specials/index/special/id/196726/product_list_order/lowest_price/
Hoyo de Monterrey Excalibur Epicure (Box of 20),Hoyo de Monterrey Excalibur Epicure box 20 price buy,9,holts.com,https://www.holts.com/cigars/all-cigar-brands/excalibur.html
Hoyo de Monterrey Excalibur Epicure (Box of 20),Hoyo de Monterrey Excalibur Epicure box 20 price buy,10,hilandscigars.com,https://www.hilandscigars.com/shop/cigars/hoyo-de-monterrey/hoyo-de-monterrey-excalibur/
La Aroma de Cuba Mi Amor Belicoso (Box of 25),La Aroma de Cuba Mi Amor Belicoso box 25 price buy,1,cigarsinternational.com,https://www.cigarsinternational.com/p/la-aroma-de-cuba-mi-amor-cigars/1410431/
La Aroma de Cuba Mi Amor Belicoso (Box of 25),La Aroma de Cuba Mi Amor Belicoso box 25 price buy,2,bestcigarprices.com,https://www.bestcigarprices.com/cigar-directory/la-aroma-de-cuba-mi-amor-cigars/la-aroma-de-cuba-mi-amor-belicoso-24918/
La Aroma de Cuba Mi Amor Belicoso (Box of 25),La Aroma de Cuba Mi Amor Belicoso box 25 price buy,3,jrcigars.com,https://www.jrcigars.com/cigars/handmade-cigars/la-aroma-de-cuba-cigars/la-aroma-de-cuba-mi-amor/
La Aroma de Cuba Mi Amor Belicoso (Box of 25),La Aroma de Cuba Mi Amor Belicoso box 25 price buy,4,cigarplace.biz,https://www.cigarplace.biz/la-aroma-de-cuba-mi-amor-belicoso.html
La Aroma de Cuba Mi Amor Belicoso (Box of 25),La Aroma de Cuba Mi Amor Belicoso box 25 price buy,5,foxcigar.com,https://foxcigar.com/product-category/cigars/ashton/la-aroma-de-cuba-mi-amor/
La Aroma de Cuba Mi Amor Belicoso (Box of 25),La Aroma de Cuba Mi Amor Belicoso box 25 price buy,6,neptunecigar.com,https://www.neptunecigar.com/cigar/la-aroma-de-cuba-mi-amor
La Aroma de Cuba Mi Amor Belicoso (Box of 25),La Aroma de Cuba Mi Amor Belicoso box 25 price buy,8,cigar.com,https://www.cigar.com/p/la-aroma-de-cuba-mi-amor-cigars/1410431/
La Aroma de Cuba Mi Amor Belicoso (Box of 25),La Aroma de Cuba Mi Amor Belicoso box 25 price buy,9,cigarsdaily.com,https://cigarsdaily.com/product/la-aroma-de-cuba-mi-amor-belicoso-5-5x54/
La Aroma de Cuba Mi Amor Belicoso (Box of 25),La Aroma de Cuba Mi Amor Belicoso box 25 price buy,10,cigarcountry.com,https://cigarcountry.com/brand/la-aroma-de-cuba/
La Flor Dominicana Double Ligero DL-700 (Box of 20),La Flor Dominicana Double Ligero DL 700 box 20 price buy,1,cigarcountry.com,https://cigarcountry.com/product/la-flor-dominicana-double-ligero-700-maduro/
La Flor Dominicana Double Ligero DL-700 (Box of 20),La Flor Dominicana Double Ligero DL 700 box 20 price buy,2,nickscigarworld.com,https://nickscigarworld.com/product-category/premium-cigars/la-flor-dominicana-double-ligero/
La Flor Dominicana Double Ligero DL-700 (Box of 20),La Flor Dominicana Double Ligero DL 700 box 20 price buy,3,foxcigar.com,https://foxcigar.com/shop/cigars/la-flor-dominicana/lfd-double-ligero-700/
La Flor Dominicana Double Ligero DL-700 (Box of 20),La Flor Dominicana Double Ligero DL 700 box 20 price buy,4,holts.com,https://www.holts.com/cigars/all-cigar-brands/la-flor-dominicana-double-ligero.html
La Flor Dominicana Double Ligero DL-700 (Box of 20),La Flor Dominicana Double Ligero DL 700 box 20 price buy,5,cuencacigars.com,https://www.cuencacigars.com/la-flor-dominicana-double-ligero-maduro-dl-700/
La Flor Dominicana Double Ligero DL-700 (Box of 20),La Flor Dominicana Double Ligero DL 700 box 20 price buy,6,hilandscigars.com,https://www.hilandscigars.com/shop/cigars/la-flor-dominicana/la-flor-dominicana-double-ligero/la-flor-dominicana-dl700-plus-free-lfd-hat/
La Flor Dominicana Double Ligero DL-700 (Box of 20),La Flor Dominicana Double Ligero DL 700 box 20 price buy,7,cigarsinternational.com,https://www.cigarsinternational.com/p/la-flor-dominicana-double-ligero-maduro-cigars/1513365/
La Flor Dominicana Double Ligero DL-700 (Box of 20),La Flor Dominicana Double Ligero DL 700 box 20 price buy,9,2guyscigars.com,https://www.2guyscigars.com/lfd-double-ligero
La Flor Dominicana Double Ligero DL-700 (Box of 20),La Flor Dominicana Double Ligero DL 700 box 20 price buy,10,tobaccolocker.com,https://tobaccolocker.com/products/la-flor-dominicana-double-ligero-dl-700-cigars-box
Macanudo Cafe Hyde Park (Box of 25),Macanudo Cafe Hyde Park box 25 price buy,1,bestcigarprices.com,https://www.bestcigarprices.com/cigar-directory/macanudo-cafe-cigars/macanudo-hyde-park-cafe-4930/
Macanudo Cafe Hyde Park (Box of 25),Macanudo Cafe Hyde Park box 25 price buy,2,holts.com,https://www.holts.com/cigars/all-cigar-brands/macanudo-cafe.html
Macanudo Cafe Hyde Park (Box of 25),Macanudo Cafe Hyde Park box 25 price buy,3,thompsoncigar.com,https://www.thompsoncigar.com/p/macanudo-cigars-cafe-hyde-park-robusto-connecticut-box-of-25/2047754/
Macanudo Cafe Hyde Park (Box of 25),Macanudo Cafe Hyde Park box 25 price buy,4,cigarscity.com,https://www.cigarscity.com/collections/macanudo/macanudo-cafe-maduro
Macanudo Cafe Hyde Park (Box of 25),Macanudo Cafe Hyde Park box 25 price buy,5,nickscigarworld.com,https://nickscigarworld.com/shop/premium-cigars/macanudo/macanudo-hyde-park-cafe/
Macanudo Cafe Hyde Park (Box of 25),Macanudo Cafe Hyde Park box 25 price buy,6,littlehavanacigars.com,https://littlehavanacigars.com/product/macanudo-hyde-park-cafe-box-25s/
Macanudo Cafe Hyde Park (Box of 25),Macanudo Cafe Hyde Park box 25 price buy,7,cigarsinternational.com,https://www.cigarsinternational.com/p/macanudo-cafe-cigars/1411588/
Macanudo Cafe Hyde Park (Box of 25),Macanudo Cafe Hyde Park box 25 price buy,8,cigarterminal.com,https://www.cigarterminal.com/en/macanudo-cafe-hyde-park-25-cigars.html
Macanudo Cafe Hyde Park (Box of 25),Macanudo Cafe Hyde Park box 25 price buy,9,vitolafinecigars.com,https://www.vitolafinecigars.com/product-category/premium-cigars/macanudo/
Macanudo Cafe Hyde Park (Box of 25),Macanudo Cafe Hyde Park box 25 price buy,10,cuencacigars.com,https://www.cuencacigars.com/macanudo-cafe-hyde-park-cigars-natural-box-of-25/
Montecristo 1935 Anniversary Nicaragua Espeso (Box of 20),Montecristo 1935 Anniversary Nicaragua Espeso box 20 price buy,1,casademontecristo.com,https://www.casademontecristo.com/cigars/handmade-cigars/montecristo-cigars/montecristo-1935-anniversary-nicaragua/
Montecristo 1935 Anniversary Nicaragua Espeso (Box of 20),Montecristo 1935 Anniversary Nicaragua Espeso box 20 price buy,2,cigarcountry.com,https://cigarcountry.com/product/montecristo-1935-anniversary-nicaragua-espeso/
Montecristo 1935 Anniversary Nicaragua Espeso (Box of 20),Montecristo 1935 Anniversary Nicaragua Espeso box 20 price buy,3,cigarsinternational.com,https://www.cigarsinternational.com/p/montecristo-1935-anniversary-nicaragua-cigar/2036257/
Montecristo 1935 Anniversary Nicaragua Espeso (Box of 20),Montecristo 1935 Anniversary Nicaragua Espeso box 20 price buy,4,jrcigars.com,https://www.jrcigars.com/cigars/handmade-cigars/montecristo-cigars/montecristo-1935-anniversary-nicaragua/
Montecristo 1935 Anniversary Nicaragua Espeso (Box of 20),Montecristo 1935 Anniversary Nicaragua Espeso box 20 price buy,5,neptunecigar.com,https://www.neptunecigar.com/cigar/montecristo-1935-anniversary-nicaragua
Montecristo 1935 Anniversary Nicaragua Espeso (Box of 20),Montecristo 1935 Anniversary Nicaragua Espeso box 20 price buy,6,cigarsdirect.com,https://www.cigarsdirect.com/collections/montecristo-135-anniversary
Montecristo 1935 Anniversary Nicaragua Espeso (Box of 20),Montecristo 1935 Anniversary Nicaragua Espeso box 20 price buy,7,vaporluxworld.com,https://www.vaporluxworld.com/product/montecristo-1935-anniversary-nicaragua-espeso-nicaraguan-puro-20-106062-106062-106062/
Montecristo 1935 Anniversary Nicaragua Espeso (Box of 20),Montecristo 1935 Anniversary Nicaragua Espeso box 20 price buy,8,famous-smoke.com,https://www.famous-smoke.com/brand/montecristo-1935-anniversary-nicaragua-cigars
Montecristo 1935 Anniversary Nicaragua Espeso (Box of 20),Montecristo 1935 Anniversary Nicaragua Espeso box 20 price buy,9,cigarplace.biz,https://www.cigarplace.biz/all-brands/montecristo-cigars/montecristo-1935-anniversary-nicaragua.html
Montecristo 1935 Anniversary Nicaragua Espeso (Box of 20),Montecristo 1935 Anniversary Nicaragua Espeso box 20 price buy,10,bestcigarprices.com,https://www.bestcigarprices.com/montecristo-1935-anniversary-nicaragua-cigars/
My Father The Judge Grand Robusto (Box of 23),My Father The Judge Grand Robusto box 23 price buy,1,holts.com,https://www.holts.com/cigars/all-cigar-brands/my-father-the-judge.html
My Father The Judge Grand Robusto (Box of 23),My Father The Judge Grand Robusto box 23 price buy,2,nickscigarworld.com,https://nickscigarworld.com/shop/premium-cigars/my-father-the-judge/my-father-the-judge-gran-robusto/
My Father The Judge Grand Robusto (Box of 23),My Father The Judge Grand Robusto box 23 price buy,4,cigarsdaily.com,https://cigarsdaily.com/product/the-judge-gran-robusto/
My Father The Judge Grand Robusto (Box of 23),My Father The Judge Grand Robusto box 23 price buy,5,myfathercigars.com,https://myfathercigars.com/cigar/my-father-mf-the-judge/
My Father The Judge Grand Robusto (Box of 23),My Father The Judge Grand Robusto box 23 price buy,6,flagstaffliquor.com,https://flagstaffliquor.com/products/my-father-the-judge-grand-robusto-23ct-box
My Father The Judge Grand Robusto (Box of 23),My Father The Judge Grand Robusto box 23 price buy,7,mikescigars.com,https://mikescigars.com/my-father-the-judge-grand-robusto
My Father The Judge Grand Robusto (Box of 23),My Father The Judge Grand Robusto box 23 price buy,8,cigarcountry.com,https://cigarcountry.com/brand/my-father-cigars/
My Father The Judge Grand Robusto (Box of 23),My Father The Judge Grand Robusto box 23 price buy,9,atlanticcigar.com,https://atlanticcigar.com/my-father-the-judge-grand-robusto-box-pressed/
My Father The Judge Grand Robusto (Box of 23),My Father The Judge Grand Robusto box 23 price buy,10,foxcigar.com,https://foxcigar.com/product-category/cigars/my-father/the-judge/
Oliva Serie O Toro (Box of 20),Oliva Serie O Toro box 20 price buy,1,cigarscity.com,https://www.cigarscity.com/products/oliva-serie-o-toro-box-of-20
Oliva Serie O Toro (Box of 20),Oliva Serie O Toro box 20 price buy,2,jrcigars.com,https://www.jrcigars.com/item/oliva-serie-o/toro/OSOT.html
Oliva Serie O Toro (Box of 20),Oliva Serie O Toro box 20 price buy,3,cigarcountry.com,https://cigarcountry.com/brand/oliva-cigars/oliva-serie-o/
Oliva Serie O Toro (Box of 20),Oliva Serie O Toro box 20 price buy,4,foxcigar.com,https://foxcigar.com/shop/cigars/oliva/oliva-serie-o-toro/
Oliva Serie O Toro (Box of 20),Oliva Serie O Toro box 20 price buy,5,cigarsinternational.com,https://www.cigarsinternational.com/p/oliva-serie-o-cigars/1410162/
Oliva Serie O Toro (Box of 20),Oliva Serie O Toro box 20 price buy,6,cigarsdirect.com,https://www.cigarsdirect.com/products/oliva-serie-o-toro
Oliva Serie O Toro (Box of 20),Oliva Serie O Toro box 20 price buy,7,tobaccostock.com,https://www.tobaccostock.com/products/oliva-serie-o-toro-cigars-box-of-20
Oliva Serie O Toro (Box of 20),Oliva Serie O Toro box 20 price buy,8,cigarplace.biz,https://www.cigarplace.biz/all-brands/oliva-cigars/oliva-serie-o.html
Oliva Serie O Toro (Box of 20),Oliva Serie O Toro box 20 price buy,9,thompsoncigar.com,https://www.thompsoncigar.com/p/oliva-serie-o-toro-sun-grown-box-of-20-cigars/2051167/
Oliva Serie O Toro (Box of 20),Oliva Serie O Toro box 20 price buy,10,specsonline.com,https://specsonline.com/shop/cigars/cigar-oliva-serie-o-toro-natural-box/
Oliva Serie V Melanio Robusto (Box of 20),Oliva Serie V Melanio Robusto box 20 price buy,1,bestcigarprices.com,https://www.bestcigarprices.com/oliva-serie-v-melanio-cigars/
Oliva Serie V Melanio Robusto (Box of 20),Oliva Serie V Melanio Robusto box 20 price buy,2,cigarcountry.com,https://cigarcountry.com/product/oliva-serie-v-melanio-robusto/
Oliva Serie V Melanio Robusto (Box of 20),Oliva Serie V Melanio Robusto box 20 price buy,3,hilandscigars.com,https://www.hilandscigars.com/shop/cigars/oliva/oliva-serie-v-melanio-maduro/oliva-serie-v-melanio-robusto-natural-5x52-pack-of-10-free-shipping-and-lighter-copy/
Oliva Serie V Melanio Robusto (Box of 20),Oliva Serie V Melanio Robusto box 20 price buy,4,us.egmcigars.com,https://us.egmcigars.com/products/oliva-serie-v-melanio-robusto
Oliva Serie V Melanio Robusto (Box of 20),Oliva Serie V Melanio Robusto box 20 price buy,5,cigarsinternational.com,https://www.cigarsinternational.com/p/oliva-serie-v-melanio-cigars/1410165/
Oliva Serie V Melanio Robusto (Box of 20),Oliva Serie V Melanio Robusto box 20 price buy,6,holts.com,https://www.holts.com/cigars/all-cigar-brands/oliva-serie-v-melanio.html
Oliva Serie V Melanio Robusto (Box of 20),Oliva Serie V Melanio Robusto box 20 price buy,7,cigarsdaily.com,https://cigarsdaily.com/brand/oliva/oliva-serie-v-melanio/
Oliva Serie V Melanio Robusto (Box of 20),Oliva Serie V Melanio Robusto box 20 price buy,8,cigar.com,https://www.cigar.com/p/oliva-serie-v-melanio-cigars/1410165/
Oliva Serie V Melanio Robusto (Box of 20),Oliva Serie V Melanio Robusto box 20 price buy,9,jrcigars.com,https://www.jrcigars.com/item/oliva-serie-v-melanio/robusto/OSVMR.html
Oliva Serie V Melanio Robusto (Box of 20),Oliva Serie V Melanio Robusto box 20 price buy,10,cigarplace.biz,https://www.cigarplace.biz/all-brands/oliva-cigars/oliva-serie-v-melanio.html
Padron 1964 Anniversary Maduro Diplomatico (Box of 25),Padron 1964 Anniversary Maduro Diplomatico box 25 price buy,1,cigarcellarofmiami.com,https://cigarcellarofmiami.com/product/padron-1964-aniversario-diplomatico-maudro-25-ct-box/
Padron 1964 Anniversary Maduro Diplomatico (Box of 25),Padron 1964 Anniversary Maduro Diplomatico box 25 price buy,2,casademontecristo.com,https://www.casademontecristo.com/item/padron-1964-anniversary-series/diplomatico-maduro/PD64D3.html
Padron 1964 Anniversary Maduro Diplomatico (Box of 25),Padron 1964 Anniversary Maduro Diplomatico box 25 price buy,3,cigarcountry.com,https://cigarcountry.com/brand/padron-cigars/padron-1964-anniversary-series/
Padron 1964 Anniversary Maduro Diplomatico (Box of 25),Padron 1964 Anniversary Maduro Diplomatico box 25 price buy,4,nickscigarworld.com,https://nickscigarworld.com/product-category/premium-cigars/padron-1964-anniversary-series/
Padron 1964 Anniversary Maduro Diplomatico (Box of 25),Padron 1964 Anniversary Maduro Diplomatico box 25 price buy,5,jrcigars.com,https://www.jrcigars.com/item/padron-1964-anniversary-series/diplomatico-maduro/PD64D3.html
Padron 1964 Anniversary Maduro Diplomatico (Box of 25),Padron 1964 Anniversary Maduro Diplomatico box 25 price buy,7,foxcigar.com,https://foxcigar.com/product-category/cigars/padron/
Padron 1964 Anniversary Maduro Diplomatico (Box of 25),Padron 1964 Anniversary Maduro Diplomatico box 25 price buy,8,cigarsdirect.com,https://www.cigarsdirect.com/collections/padron-1964-anniversary
Padron 1964 Anniversary Maduro Diplomatico (Box of 25),Padron 1964 Anniversary Maduro Diplomatico box 25 price buy,9,cigarsinternational.com,https://www.cigarsinternational.com/p/padron-1964-anniversary-series-maduro/2035410/
Padron 1964 Anniversary Maduro Diplomatico (Box of 25),Padron 1964 Anniversary Maduro Diplomatico box 25 price buy,10,neptunecigar.com,https://www.neptunecigar.com/cigar/padron-1964-anniversary-maduro
Partagas 1845 Clasico Toro (Box of 20),Partagas 1845 Clasico Toro box 20 price buy,1,cigarsinternational.com,https://www.cigarsinternational.com/p/partagas-1845-clascio/2004408/
Partagas 1845 Clasico Toro (Box of 20),Partagas 1845 Clasico Toro box 20 price buy,2,cigarplace.biz,https://www.cigarplace.biz/all-brands/partagas-cigars/partagas-1845.html
Partagas 1845 Clasico Toro (Box of 20),Partagas 1845 Clasico Toro box 20 price buy,3,thompsoncigar.com,https://www.thompsoncigar.com/shop/partagas-1845-clasico/13004/
Partagas 1845 Clasico Toro (Box of 20),Partagas 1845 Clasico Toro box 20 price buy,4,neptunecigar.com,https://www.neptunecigar.com/partagas-cigar
Partagas 1845 Clasico Toro (Box of 20),Partagas 1845 Clasico Toro box 20 price buy,5,mikescigars.com,https://mikescigars.com/cigars/brands/partagas/partagas-1845-clasico
Partagas 1845 Clasico Toro (Box of 20),Partagas 1845 Clasico Toro box 20 price buy,6,cigarsdirect.com,https://www.cigarsdirect.com/collections/partagas-1845-classico
Partagas 1845 Clasico Toro (Box of 20),Partagas 1845 Clasico Toro box 20 price buy,8,absolutecigars.com,https://absolutecigars.com/product-category/partagas-1845/
Partagas 1845 Clasico Toro (Box of 20),Partagas 1845 Clasico Toro box 20 price buy,9,hilandscigars.com,https://www.hilandscigars.com/brand/partagas/
Partagas 1845 Clasico Toro (Box of 20),Partagas 1845 Clasico Toro box 20 price buy,10,mailcubancigars.com,https://mailcubancigars.com/product/partagas-1845-clasico-toro/
Perdomo 10th Anniversary Champagne Epicure (Box of 25),Perdomo Champagne Epicure box 25 price buy,1,cigarcountry.com,https://cigarcountry.com/product/perdomo-reserve-10th-anniversary-champagne-sun-grown-epicure/
Perdomo 10th Anniversary Champagne Epicure (Box of 25),Perdomo Champagne Epicure box 25 price buy,2,foxcigar.com,https://foxcigar.com/shop/cigars/perdomo/perdomo-10th-champagne-epicure/
Perdomo 10th Anniversary Champagne Epicure (Box of 25),Perdomo Champagne Epicure box 25 price buy,3,cigarsdaily.com,https://cigarsdaily.com/product/perdomo-champagne-epicure/
Perdomo 10th Anniversary Champagne Epicure (Box of 25),Perdomo Champagne Epicure box 25 price buy,4,nickscigarworld.com,https://nickscigarworld.com/product-category/premium-cigars/perdomo-reserve-10th-anniversary-champagne/
Perdomo 10th Anniversary Champagne Epicure (Box of 25),Perdomo Champagne Epicure box 25 price buy,5,cigarking.com,https://www.cigarking.com/perdomo-reserve-champagne/
Perdomo 10th Anniversary Champagne Epicure (Box of 25),Perdomo Champagne Epicure box 25 price buy,6,hilandscigars.com,https://www.hilandscigars.com/perdomo-sale/
Perdomo 10th Anniversary Champagne Epicure (Box of 25),Perdomo Champagne Epicure box 25 price buy,8,neptunecigar.com,https://www.neptunecigar.com/cigar/perdomo-reserve-champagne-connecticut
Perdomo 10th Anniversary Champagne Epicure (Box of 25),Perdomo Champagne Epicure box 25 price buy,10,2guyscigars.com,https://www.2guyscigars.com/perdomo-10th-anniversary-champ
Perdomo 20th Anniversary Sun Grown Toro (Box of 24),Perdomo 20th Anniversary Sun Grown Toro box 24 price buy,1,cigarsinternational.com,https://www.cigarsinternational.com/p/perdomo-20th-anniversary-sun-grown-cigars/1411787/
Perdomo 20th Anniversary Sun Grown Toro (Box of 24),Perdomo 20th Anniversary Sun Grown Toro box 24 price buy,2,cigarcountry.com,https://cigarcountry.com/brand/perdomo-cigars/perdomo-20th-anniversary-sun-grown/
Perdomo 20th Anniversary Sun Grown Toro (Box of 24),Perdomo 20th Anniversary Sun Grown Toro box 24 price buy,3,cigarscity.com,https://www.cigarscity.com/products/perdomo-20th-anniversary-sun-grown-epicure-toro-box-of-24
Perdomo 20th Anniversary Sun Grown Toro (Box of 24),Perdomo 20th Anniversary Sun Grown Toro box 24 price buy,4,holts.com,https://www.holts.com/cigars/all-cigar-brands/perdomo-20th-anniversary-sungrown.html
Perdomo 20th Anniversary Sun Grown Toro (Box of 24),Perdomo 20th Anniversary Sun Grown Toro box 24 price buy,5,neptunecigar.com,https://www.neptunecigar.com/cigar/perdomo-20th-anniversary-sun-grown
Perdomo 20th Anniversary Sun Grown Toro (Box of 24),Perdomo 20th Anniversary Sun Grown Toro box 24 price buy,6,cigarsdaily.com,https://cigarsdaily.com/product/perdomo-20th-anniversary-sun-grown-robusto/
Perdomo 20th Anniversary Sun Grown Toro (Box of 24),Perdomo 20th Anniversary Sun Grown Toro box 24 price buy,7,pipesandcigars.com,https://www.pipesandcigars.com/product/perdomo-20th-anniversary-sun-grown/P2N-PM.html
Perdomo 20th Anniversary Sun Grown Toro (Box of 24),Perdomo 20th Anniversary Sun Grown Toro box 24 price buy,8,cigar.com,https://www.cigar.com/p/perdomo-20th-anniversary-sun-grown-cigars/1411787/
Perdomo 20th Anniversary Sun Grown Toro (Box of 24),Perdomo 20th Anniversary Sun Grown Toro box 24 price buy,9,atlanticcigar.com,https://atlanticcigar.com/perdomo-20th-anniversary-sungrown-epicure-e656/
Perdomo 20th Anniversary Sun Grown Toro (Box of 24),Perdomo 20th Anniversary Sun Grown Toro box 24 price buy,10,famous-smoke.com,https://www.famous-smoke.com/brand/perdomo-20th-anniversary-sun-grown-cigars
Punch Gran Puro Pico Bonito (Box of 25),Punch Gran Puro Pico Bonito box 25 price buy,1,jrcigars.com,https://www.jrcigars.com/item/punch-gran-puro/pico-bonito/PUGPPB.html
Punch Gran Puro Pico Bonito (Box of 25),Punch Gran Puro Pico Bonito box 25 price buy,2,bestcigarprices.com,https://www.bestcigarprices.com/cigar-directory/punch-gran-puro-cigars/punch-gran-puro-pico-bonito-5668/
Punch Gran Puro Pico Bonito (Box of 25),Punch Gran Puro Pico Bonito box 25 price buy,3,cigarplace.biz,https://www.cigarplace.biz/all-brands/punch-cigars/punch-gran-puro.html
Punch Gran Puro Pico Bonito (Box of 25),Punch Gran Puro Pico Bonito box 25 price buy,4,hilandscigars.com,https://www.hilandscigars.com/shop/cigars/punch/punch-gran-puro/punch-gran-puro-pico-bonito/
Punch Gran Puro Pico Bonito (Box of 25),Punch Gran Puro Pico Bonito box 25 price buy,5,cigar.com,https://www.cigar.com/p/punch-gran-puro-cigar/1410184/
Punch Gran Puro Pico Bonito (Box of 25),Punch Gran Puro Pico Bonito box 25 price buy,6,cigarhumidors-online.com,https://www.cigarhumidors-online.com/punch-gran-puro-pico-bonito-cigars.html
Punch Gran Puro Pico Bonito (Box of 25),Punch Gran Puro Pico Bonito box 25 price buy,7,cuencacigars.com,https://www.cuencacigars.com/punch-grand-puro-pico-bonito-cigars-natural-box-of-25/
Punch Gran Puro Pico Bonito (Box of 25),Punch Gran Puro Pico Bonito box 25 price buy,8,cigarsinternational.com,https://www.cigarsinternational.com/p/punch-gran-puro-cigars/1410184/
Punch Gran Puro Pico Bonito (Box of 25),Punch Gran Puro Pico Bonito box 25 price buy,10,cigarscity.com,https://www.cigarscity.com/collections/punch-gran-puro
Rocky Patel Vintage 1992 Toro (Box of 20),Rocky Patel Vintage 1992 Toro box 20 price buy,1,cigarcountry.com,https://cigarcountry.com/product/rocky-patel-vintage-1992-sumatra-toro-tubo/
Rocky Patel Vintage 1992 Toro (Box of 20),Rocky Patel Vintage 1992 Toro box 20 price buy,2,cigarsinternational.com,https://www.cigarsinternational.com/p/rocky-patel-vintage-1992-cigars/1489703/
Rocky Patel Vintage 1992 Toro (Box of 20),Rocky Patel Vintage 1992 Toro box 20 price buy,3,cigarsdirect.com,https://www.cigarsdirect.com/collections/rocky-patel-vintage-1992
Rocky Patel Vintage 1992 Toro (Box of 20),Rocky Patel Vintage 1992 Toro box 20 price buy,4,holts.com,https://www.holts.com/cigars/all-cigar-brands/rocky-patel-vintage-1992.html
Rocky Patel Vintage 1992 Toro (Box of 20),Rocky Patel Vintage 1992 Toro box 20 price buy,5,cigarking.com,https://www.cigarking.com/rocky-patel-vintage-1992/
Rocky Patel Vintage 1992 Toro (Box of 20),Rocky Patel Vintage 1992 Toro box 20 price buy,6,jrcigars.com,https://www.jrcigars.com/cigars/handmade-cigars/rocky-patel-cigars/rocky-patel-vintage-1992/
Rocky Patel Vintage 1992 Toro (Box of 20),Rocky Patel Vintage 1992 Toro box 20 price buy,7,mikescigars.com,https://mikescigars.com/cigars/brands/rockypatel/rocky-patel-vintage-1992
Rocky Patel Vintage 1992 Toro (Box of 20),Rocky Patel Vintage 1992 Toro box 20 price buy,8,atlanticcigar.com,https://atlanticcigar.com/rocky-patel-vintage-1992-toro/
Rocky Patel Vintage 1992 Toro (Box of 20),Rocky Patel Vintage 1992 Toro box 20 price buy,9,woodencork.com,https://woodencork.com/products/rocky-patel-vintage-toro-1992
Rocky Patel Vintage 1992 Toro (Box of 20),Rocky Patel Vintage 1992 Toro box 20 price buy,10,cigarplace.biz,https://www.cigarplace.biz/all-brands/rocky-patel-cigars/rocky-patel-vintage-1992.html
Romeo y Julieta 1875 Churchill (Box of 25),Romeo y Julieta 1875 Churchill box 25 price buy,1,cigarcountry.com,https://cigarcountry.com/brand/romeo-y-julieta-cigars/romeo-y-julieta-1875/
Romeo y Julieta 1875 Churchill (Box of 25),Romeo y Julieta 1875 Churchill box 25 price buy,2,bestcigarprices.com,https://www.bestcigarprices.com/cigar-directory/romeo-y-julieta-1875-cigars/romeo-y-julieta-1875-churchill-5395/
Romeo y Julieta 1875 Churchill (Box of 25),Romeo y Julieta 1875 Churchill box 25 price buy,3,mikescigars.com,https://mikescigars.com/romeo-y-julieta-1875-churchill
Romeo y Julieta 1875 Churchill (Box of 25),Romeo y Julieta 1875 Churchill box 25 price buy,4,foxcigar.com,https://foxcigar.com/product-category/cigars/romeo-y-julieta/1875-romeo-y-julieta/
Romeo y Julieta 1875 Churchill (Box of 25),Romeo y Julieta 1875 Churchill box 25 price buy,5,jrcigars.com,https://www.jrcigars.com/cigars/handmade-cigars/romeo-y-julieta-cigars/
Romeo y Julieta 1875 Churchill (Box of 25),Romeo y Julieta 1875 Churchill box 25 price buy,6,hilandscigars.com,https://www.hilandscigars.com/shop/cigars/romeo-y-julieta/romeo-y-julieta-1875/romeo-y-julieta-1875-churchill/
Romeo y Julieta 1875 Churchill (Box of 25),Romeo y Julieta 1875 Churchill box 25 price buy,7,holts.com,https://www.holts.com/cigars/all-cigar-brands/romeo-y-julieta-1875.html
Romeo y Julieta 1875 Churchill (Box of 25),Romeo y Julieta 1875 Churchill box 25 price buy,8,cigarsinternational.com,https://www.cigarsinternational.com/p/romeo-y-julieta-1875-cigars/1411962/
Romeo y Julieta 1875 Churchill (Box of 25),Romeo y Julieta 1875 Churchill box 25 price buy,9,lmcigars.com,https://lmcigars.com/product/romeo-y-julieta-1875-churchill/
Tatuaje Havana VI Almirantes (Toro) (Box of 24),Tatuaje Havana VI Toro box 24 price buy,1,cigarcountry.com,https://cigarcountry.com/brand/tatuaje-cigars/tatuaje-havana-vi/
Tatuaje Havana VI Almirantes (Toro) (Box of 24),Tatuaje Havana VI Toro box 24 price buy,2,mardocigars.com,https://mardocigars.com/tatuaje-havana-vi-gorditos-toro-grande/
Tatuaje Havana VI Almirantes (Toro) (Box of 24),Tatuaje Havana VI Toro box 24 price buy,4,famous-smoke.com,https://www.famous-smoke.com/brand/tatuaje-havana-vi-cigars
Tatuaje Havana VI Almirantes (Toro) (Box of 24),Tatuaje Havana VI Toro box 24 price buy,5,cigarsdirect.com,https://www.cigarsdirect.com/products/tatuaje-havana-vi-artistas
Tatuaje Havana VI Almirantes (Toro) (Box of 24),Tatuaje Havana VI Toro box 24 price buy,7,jrcigars.com,https://www.jrcigars.com/cigars/handmade-cigars/tatuaje-cigars/
Tatuaje Havana VI Almirantes (Toro) (Box of 24),Tatuaje Havana VI Toro box 24 price buy,8,neptunecigar.com,https://www.neptunecigar.com/cigar/tatuaje-havana-vi-verocu-blue
Tatuaje Havana VI Almirantes (Toro) (Box of 24),Tatuaje Havana VI Toro box 24 price buy,9,coronacigar.com,https://www.coronacigar.com/tatuaje-havana-vi-verocu-blue-no-1-toro-grande/
Tatuaje Havana VI Almirantes (Toro) (Box of 24),Tatuaje Havana VI Toro box 24 price buy,10,holts.com,https://www.holts.com/cigars/all-cigar-brands/tatuaje-havana-vi.html
